actual_worth,area_id,area_name_ar,area_name_en,building_name_ar,building_name_en,has_parking,instance_date,master_project_ar,master_project_en,meter_rent_price,meter_sale_price,nearest_landmark_ar,nearest_landmark_en,nearest_mall_ar,nearest_mall_en,nearest_metro_ar,nearest_metro_en,no_of_parties_role_1,no_of_parties_role_2,no_of_parties_role_3,procedure_area,procedure_id,procedure_name_ar,procedure_name_en,project_name_ar,project_name_en,project_number,property_sub_type_ar,property_sub_type_en,property_sub_type_id,property_type_ar,property_type_en,property_type_id,property_usage_ar,property_usage_en,reg_type_ar,reg_type_en,reg_type_id,rent_value,rooms_ar,rooms_en,transaction_id,trans_group_ar,trans_group_en,trans_group_id,load_timestamp,instance_date_parsed
2350000.0,330,مرسى دبي,Marsa Dubai,المرجان 6,Murjan 6,1,2023-09-28,جميرا بيتش ريزيدنس  - الجيه بي آر,Jumeriah Beach Residence  - JBR,,13438.55,برج العرب,Burj Al Arab,مارينا مول,Marina Mall,مساكن شاطئ الجميرا,Jumeirah Beach Resdency,2.0,2.0,0.0,174.87,11,بيع,Sell,,,,شقه سكنيه,Flat,60.0,وحدة,Unit,3,سكني,Residential,العقارات القائمة,Existing Properties,1,,ثلاث غرف,3 B/R,1-11-2023-31363,مبايعات,Sales,1,2026-08-21T18:27:40.000Z,2023-09-28
540000.0,441,البرشاء جنوب الرابعة,Al Barsha South Fourth,دايموند فيوز 2,DIAMOND VIEWS 2,1,2024-01-10,قرية جميرا الدائرية,Jumeirah Village Circle,,7872.87,أكاديمية المدينة الرياضية للسباحة,Sports City Swimming Academy,مول الإمارات,Mall of the Emirates,مدينة دبي للإنترنت,Dubai Internet City,1.0,1.0,0.0,68.59,11,بيع,Sell,دايموند فيوز 2,DIAMOND VIEWS 2,217.0,شقه سكنيه,Flat,60.0,وحدة,Unit,3,سكني,Residential,العقارات القائمة,Existing Properties,1,,غرفة,1 B/R,1-11-2024-993,مبايعات,Sales,1,2026-08-21T18:27:40.000Z,2024-01-10
1000000.0,410,نخلة جميرا,Palm Jumeirah,جولدن ميل 10,GOLDEN MILE 10,1,2026-04-20,نخلة جميرا,Palm Jumeirah,,23929.17,برج العرب,Burj Al Arab,مارينا مول,Marina Mall,نخلة جميرا,Palm Jumeirah,1.0,1.0,0.0,41.79,11,بيع,Sell,جولدن ميل,GOLDEN MILE,388.0,شقه سكنيه,Flat,60.0,وحدة,Unit,3,سكني,Residential,العقارات القائمة,Existing Properties,1,,غرفتين,2 B/R,1-11-2026-14000,مبايعات,Sales,1,2026-08-21T18:27:40.000Z,2026-04-20
1674000.0,526,الخليج التجارى,Business Bay,ترليونير ريزيدنسز من بن غاطي,Trillionaire Residences by Binghatti,1,2024-04-22,الخليج التجاري,Business Bay,,31567.04,,,,,,,1.0,1.0,0.0,53.03,102,بيع - تسجيل مبدئى,Sell - Pre registration,ترليونير ريزيدنسز من بن غاطي,Trillionaire Residences by Binghatti,2643.0,شقه سكنيه,Flat,60.0,وحدة,Unit,3,سكني,Residential,على الخارطة,Off-Plan Properties,0,,استوديو,Studio,1-102-2024-24394,مبايعات,Sales,1,2026-08-21T18:27:40.000Z,2024-04-22
800000.0,526,الخليج التجارى,Business Bay,POLARIS,POLARIS,0,2023-11-20,الخليج التجاري,Business Bay,,16119.28,وسط مدينة دبي,Downtown Dubai,مول دبي,Dubai Mall,محطة مترو الخليج التجاري,Business Bay Metro Station,1.0,1.0,0.0,49.63,102,بيع - تسجيل مبدئى,Sell - Pre registration,بولاريس,POLARIS,457.0,شقه سكنيه,Flat,60.0,وحدة,Unit,3,سكني,Residential,على الخارطة,Off-Plan Properties,0,,غرفة,1 B/R,1-102-2023-61408,مبايعات,Sales,1,2026-08-21T18:27:40.000Z,2023-11-20
1200000.0,441,البرشاء جنوب الرابعة,Al Barsha South Fourth,بن غاطي جيت,Binghatti Gate,1,2025-02-03,قرية جميرا الدائرية,Jumeirah Village Circle,,13407.82,أكاديمية المدينة الرياضية للسباحة,Sports City Swimming Academy,مارينا مول,Marina Mall,مدينة دبي للإنترنت,Dubai Internet City,1.0,2.0,0.0,89.5,11,بيع,Sell,بوابة بن غاطي,Binghatti Gate,2232.0,شقه سكنيه,Flat,60.0,وحدة,Unit,3,سكني,Residential,العقارات القائمة,Existing Properties,1,,غرفتين,2 B/R,1-11-2025-4176,مبايعات,Sales,1,2026-08-21T18:27:40.000Z,2025-02-03
799217.0,441,البرشاء جنوب الرابعة,Al Barsha South Fourth,311 بوليفارد بواسطة بام اسكان,311 Boulevard by Bam Eskan,1,2025-11-10,قرية جميرا الدائرية,Jumeirah Village Circle,,17943.8,أكاديمية المدينة الرياضية للسباحة,Sports City Swimming Academy,مارينا مول,Marina Mall,مدينة دبي للإنترنت,Dubai Internet City,1.0,2.0,0.0,44.54,102,بيع - تسجيل مبدئى,Sell - Pre registration,311 بوليفارد بواسطة بام اسكان,311 Boulevard by Bam Eskan,3320.0,شقه سكنيه,Flat,60.0,وحدة,Unit,3,سكني,Residential,على الخارطة,Off-Plan Properties,0,,استوديو,Studio,1-102-2025-112903,مبايعات,Sales,1,2026-08-21T18:27:40.000Z,2025-11-10
625000.0,442,البرشاء جنوب الخامسة,Al Barsha South Fifth,برج المنارة,AL MANARA TOWER,1,2024-06-04,قرية جميرا المثلثة,Jumeirah Village Triangle,,8347.8,أكاديمية المدينة الرياضية للسباحة,Sports City Swimming Academy,مارينا مول,Marina Mall,عقارات داماك,Damac Properties,1.0,1.0,0.0,74.87,11,بيع,Sell,المنارة تاور,AL MANARAH TOWER,1706.0,شقه سكنيه,Flat,60.0,وحدة,Unit,3,سكني,Residential,العقارات القائمة,Existing Properties,1,,غرفة,1 B/R,1-11-2024-20192,مبايعات,Sales,1,2026-08-21T18:27:40.000Z,2024-06-04
1781888.0,526,الخليج التجارى,Business Bay,رو? منازل مراسي دراي?,Rove Home Marasi Drive,1,2024-09-13,الخليج التجاري,Business Bay,,32228.03,وسط مدينة دبي,Downtown Dubai,مول دبي,Dubai Mall,محطة مترو الخليج التجاري,Business Bay Metro Station,1.0,1.0,0.0,55.29,102,بيع - تسجيل مبدئى,Sell - Pre registration,روف منازل مراسي درايف,Rove Home Marasi Drive,2966.0,شقه سكنيه,Flat,60.0,وحدة,Unit,3,سكني,Residential,على الخارطة,Off-Plan Properties,0,,غرفة,1 B/R,1-102-2024-71324,مبايعات,Sales,1,2026-08-21T18:27:40.000Z,2024-09-13
2490000.0,390,برج خليفة,Burj Khalifa,ساوث ريدج 6,South Ridge 6,1,2024-03-28,داون تاون دبي,DownTown Dubai,,17975.74,وسط مدينة دبي,Downtown Dubai,مول دبي,Dubai Mall,محطة مترو بوج خليفة دبي مول,Buj Khalifa Dubai Mall Metro Station,2.0,1.0,0.0,138.52,11,بيع,Sell,,,,شقه سكنيه,Flat,60.0,وحدة,Unit,3,سكني,Residential,العقارات القائمة,Existing Properties,1,,غرفتين,2 B/R,1-11-2024-11529,مبايعات,Sales,1,2026-08-21T18:27:40.000Z,2024-03-28
1424999.0,526,الخليج التجارى,Business Bay,بن غاطي سكاي رايز - تاور بي,Binghatti Skyrise - TOWER B,1,2025-08-25,الخليج التجاري,Business Bay,,36039.43,وسط مدينة دبي,Downtown Dubai,مول دبي,Dubai Mall,محطة مترو الخليج التجاري,Business Bay Metro Station,1.0,2.0,0.0,39.54,102,بيع - تسجيل مبدئى,Sell - Pre registration,بن غاطي سكاي رايز,Binghatti Skyrise,3349.0,شقه سكنيه,Flat,60.0,وحدة,Unit,3,سكني,Residential,على الخارطة,Off-Plan Properties,0,,استوديو,Studio,1-102-2025-79449,مبايعات,Sales,1,2026-08-21T18:27:40.000Z,2025-08-25
600000.0,482,حدائق الشيخ محمد بن راشد,Hadaeq Sheikh Mohammed Bin Rashid,ماج أي 890,MAG EYE 890,1,2023-11-21,حدائق الشيخ محمد بن راشد - ديستركت 7,HADAEQ SHEIKH MOHAMMED BIN RASHID - DISRICT 7,,15641.29,وسط مدينة دبي,Downtown Dubai,مول دبي,Dubai Mall,محطة مترو نور بنك,Noor Bank Metro Station,1.0,2.0,0.0,38.36,102,بيع - تسجيل مبدئى,Sell - Pre registration,ماج آي المرحلة 1,MAG EYE Phase 1,2033.0,شقه سكنيه,Flat,60.0,وحدة,Unit,3,سكني,Residential,على الخارطة,Off-Plan Properties,0,,استوديو,Studio,1-102-2023-61669,مبايعات,Sales,1,2026-08-21T18:27:40.000Z,2023-11-21
849900.0,442,البرشاء جنوب الخامسة,Al Barsha South Fifth,فوكسا ريزيدنسز,Voxa Residences,1,2026-04-30,قرية جميرا المثلثة,Jumeirah Village Triangle,,23608.33,أكاديمية المدينة الرياضية للسباحة,Sports City Swimming Academy,مارينا مول,Marina Mall,محطة مترو النخيل,Nakheel Metro Station,1.0,1.0,0.0,36.0,102,بيع - تسجيل مبدئى,Sell - Pre registration,VOXA RESIDENCES,VOXA RESIDENCES,3736.0,شقه سكنيه,Flat,60.0,وحدة,Unit,3,سكني,Residential,على الخارطة,Off-Plan Properties,0,,استوديو,Studio,1-102-2026-40994,مبايعات,Sales,1,2026-08-21T18:27:40.000Z,2026-04-30
33000000.0,482,حدائق الشيخ محمد بن راشد,Hadaeq Sheikh Mohammed Bin Rashid,,,0,2023-04-26,دبي هيليز - غولف بليس,DUBAI HILLS - GOLF PLACE,,25711.75,آي إم جي وورلد أدفينتشرز,IMG World Adventures,مول الإمارات,Mall of the Emirates,محطة مترو نور بنك,Noor Bank Metro Station,1.0,1.0,0.0,1283.46,41,بيع مبدئى,Delayed Sell,جولف بلايس,Golf Place,2016.0,,,,أرض,Land,1,سكني,Residential,العقارات القائمة,Existing Properties,1,,,,1-41-2023-7924,مبايعات,Sales,1,2026-08-21T18:27:40.000Z,2023-04-26
15750000.0,410,نخلة جميرا,Palm Jumeirah,THE 8,THE 8,1,2023-01-23,نخلة جميرا,Palm Jumeirah,,38941.77,برج العرب,Burj Al Arab,مارينا مول,Marina Mall,مينا السياحي,Mina Seyahi,2.0,2.0,0.0,404.45,11,بيع,Sell,ذا 8,THE 8,1617.0,شقه سكنيه,Flat,60.0,وحدة,Unit,3,سكني,Residential,العقارات القائمة,Existing Properties,1,,أربع غرف,4 B/R,1-11-2023-1996,مبايعات,Sales,1,2026-08-21T18:27:40.000Z,2023-01-23
1900000.0,330,مرسى دبي,Marsa Dubai,فيدا ريزيدنسز دبي مارينا,VIDA Residences Dubai Marina,1,2026-07-08,دبي مارينا,Dubai Marina,,27536.23,برج العرب,Burj Al Arab,مارينا مول,Marina Mall,أبراج بحيرات جميرا,Jumeirah Lakes Towers,2.0,1.0,0.0,69.0,11,بيع,Sell,فيدا ريزيدنسز دبي مارينا,VIDA Residences Dubai Marina,1831.0,شقه سكنيه,Flat,60.0,وحدة,Unit,3,سكني,Residential,العقارات القائمة,Existing Properties,1,,غرفة,1 B/R,1-11-2026-21149,مبايعات,Sales,1,2026-08-21T18:27:40.000Z,2026-07-08
887025.0,390,برج خليفة,Burj Khalifa,ذا سيجناتشر,THE SIGNATURE,1,2023-01-18,داون تاون دبي,DownTown Dubai,,10878.41,وسط مدينة دبي,Downtown Dubai,مول دبي,Dubai Mall,محطة مترو بوج خليفة دبي مول,Buj Khalifa Dubai Mall Metro Station,1.0,1.0,0.0,81.54,11,بيع,Sell,سيجنتشر,THE SIGNATURE,413.0,شقه سكنيه,Flat,60.0,وحدة,Unit,3,سكني,Residential,العقارات القائمة,Existing Properties,1,,غرفة,1 B/R,1-11-2023-1464,مبايعات,Sales,1,2026-08-21T18:27:40.000Z,2023-01-18
22500000.0,441,البرشاء جنوب الرابعة,Al Barsha South Fourth,,,0,2025-03-25,قرية جميرا الدائرية,Jumeirah Village Circle,,9071.85,أكاديمية المدينة الرياضية للسباحة,Sports City Swimming Academy,مارينا مول,Marina Mall,مدينة دبي للإنترنت,Dubai Internet City,1.0,1.0,0.0,2480.2,11,بيع,Sell,1 اريديان بارك,lridian Park 1,3764.0,,,,أرض,Land,1,سكني,Residential,العقارات القائمة,Existing Properties,1,,,,1-11-2025-12338,مبايعات,Sales,1,2026-08-21T18:27:40.000Z,2025-03-25
1858822.0,441,البرشاء جنوب الرابعة,Al Barsha South Fourth,دون من بن غاطي,Dawn By Binghatti,1,2025-07-01,قرية جميرا الدائرية,Jumeirah Village Circle,,20600.93,أكاديمية المدينة الرياضية للسباحة,Sports City Swimming Academy,مول الإمارات,Mall of the Emirates,مدينة دبي للإنترنت,Dubai Internet City,1.0,1.0,0.0,90.23,11,بيع,Sell,داون من بن غاطي,Dawn by Binghatti,3023.0,شقه سكنيه,Flat,60.0,وحدة,Unit,3,سكني,Residential,العقارات القائمة,Existing Properties,1,,غرفة,1 B/R,1-11-2025-27738,مبايعات,Sales,1,2026-08-21T18:27:40.000Z,2025-07-01
3300000.0,526,الخليج التجارى,Business Bay,ايست هايتس 1,EAST HEIGHTS 1,1,2024-03-26,الخليج التجاري,Business Bay,,16858.24,برج خليفة,Burj Khalifa,مول دبي,Dubai Mall,محطة مترو الخليج التجاري,Business Bay Metro Station,2.0,1.0,0.0,195.75,11,بيع,Sell,,,,شقه سكنيه,Flat,60.0,وحدة,Unit,3,سكني,Residential,العقارات القائمة,Existing Properties,1,,ثلاث غرف,3 B/R,1-11-2024-11066,مبايعات,Sales,1,2026-08-21T18:27:40.000Z,2024-03-26
3500000.0,482,حدائق الشيخ محمد بن راشد,Hadaeq Sheikh Mohammed Bin Rashid,جولف سويتس,Golf Suites,1,2025-01-22,دبي هيلز استيت,Dubai Hills Estate,,21924.33,آي إم جي وورلد أدفينتشرز,IMG World Adventures,مول الإمارات,Mall of the Emirates,محطة مترو نور بنك,Noor Bank Metro Station,1.0,1.0,0.0,159.64,11,بيع,Sell,جولف سويتس - دبي هيلز,Golf Suites - Dubai Hills,2098.0,شقه سكنيه,Flat,60.0,وحدة,Unit,3,سكني,Residential,العقارات القائمة,Existing Properties,1,,ثلاث غرف,3 B/R,1-11-2025-2617,مبايعات,Sales,1,2026-08-21T18:27:40.000Z,2025-01-22
960000.0,441,البرشاء جنوب الرابعة,Al Barsha South Fourth,جولدن دريم تاور 1,GOLDEN DREAM TOWER 1,1,2026-06-23,قرية جميرا الدائرية,Jumeirah Village Circle,,11510.79,أكاديمية المدينة الرياضية للسباحة,Sports City Swimming Academy,مارينا مول,Marina Mall,محطة مترو النخيل,Nakheel Metro Station,1.0,1.0,0.0,83.4,11,بيع,Sell,,,,شقه سكنيه,Flat,60.0,وحدة,Unit,3,سكني,Residential,العقارات القائمة,Existing Properties,1,,غرفة,1 B/R,1-11-2026-19456,مبايعات,Sales,1,2026-08-21T18:27:40.000Z,2026-06-23
559000.0,441,البرشاء جنوب الرابعة,Al Barsha South Fourth,كاسا جراندي,Casa Grande,1,2024-07-01,قرية جميرا الدائرية,Jumeirah Village Circle,,13350.85,أكاديمية المدينة الرياضية للسباحة,Sports City Swimming Academy,مول الإمارات,Mall of the Emirates,مدينة دبي للإنترنت,Dubai Internet City,1.0,1.0,0.0,41.87,11,بيع,Sell,حدائق سيرويا,SIROYA GARDENS,726.0,شقه سكنيه,Flat,60.0,وحدة,Unit,3,سكني,Residential,العقارات القائمة,Existing Properties,1,,استوديو,Studio,1-11-2024-23964,مبايعات,Sales,1,2026-08-21T18:27:40.000Z,2024-07-01
2761725.0,330,مرسى دبي,Marsa Dubai,المجره 4,AL MAJARA 4,1,2025-08-19,دبي مارينا,Dubai Marina,,35402.19,برج العرب,Burj Al Arab,مارينا مول,Marina Mall,أبراج بحيرات جميرا,Jumeirah Lakes Towers,1.0,1.0,0.0,78.01,102,بيع - تسجيل مبدئى,Sell - Pre registration,ريزيدنسز دو بورت، دبي مارينا، أوتوجراف كوليكشن ريزيدنسز,"Residences Du Port, Dubai Marina, Autograph Collection Residences",3762.0,شقه سكنيه,Flat,60.0,وحدة,Unit,3,سكني,Residential,على الخارطة,Off-Plan Properties,0,,غرفة,1 B/R,1-102-2025-77204,مبايعات,Sales,1,2026-08-21T18:27:40.000Z,2025-08-19
2350000.0,441,البرشاء جنوب الرابعة,Al Barsha South Fourth,,,0,2023-04-19,قرية جميرا الدائرية,Jumeirah Village Circle,,12050.66,أكاديمية المدينة الرياضية للسباحة,Sports City Swimming Academy,مول الإمارات,Mall of the Emirates,مدينة دبي للإنترنت,Dubai Internet City,1.0,1.0,0.0,195.01,11,بيع,Sell,,,,فيلا,Villa,4.0,فيلا,Villa,4,سكني,Residential,العقارات القائمة,Existing Properties,1,,أربع غرف,4 B/R,1-11-2023-11626,مبايعات,Sales,1,2026-08-21T18:27:40.000Z,2023-04-19
34900000.0,526,الخليج التجارى,Business Bay,دورشستر كولكشن دبي,Dorchester Collection Dubai,1,2023-05-23,الخليج التجاري,Business Bay,,48719.2,وسط مدينة دبي,Downtown Dubai,مول دبي,Dubai Mall,محطة مترو بوج خليفة دبي مول,Buj Khalifa Dubai Mall Metro Station,1.0,1.0,0.0,716.35,102,بيع - تسجيل مبدئى,Sell - Pre registration,دورشستر كولكشن دبي,Dorchester Collection Dubai,2052.0,شقه سكنيه,Flat,60.0,وحدة,Unit,3,سكني,Residential,على الخارطة,Off-Plan Properties,0,,أربع غرف,4 B/R,1-102-2023-24138,مبايعات,Sales,1,2026-08-21T18:27:40.000Z,2023-05-23
684040.0,482,حدائق الشيخ محمد بن راشد,Hadaeq Sheikh Mohammed Bin Rashid,ماج 930,MAG 930,1,2023-03-29,حدائق الشيخ محمد بن راشد - ديستركت 7,HADAEQ SHEIKH MOHAMMED BIN RASHID - DISRICT 7,,18522.61,وسط مدينة دبي,Downtown Dubai,مول دبي,Dubai Mall,محطة مترو الخليج التجاري,Business Bay Metro Station,1.0,1.0,0.0,36.93,102,بيع - تسجيل مبدئى,Sell - Pre registration,ماج آي المرحلة 1,MAG EYE Phase 1,2033.0,شقه سكنيه,Flat,60.0,وحدة,Unit,3,سكني,Residential,على الخارطة,Off-Plan Properties,0,,استوديو,Studio,1-102-2023-15217,مبايعات,Sales,1,2026-08-21T18:27:40.000Z,2023-03-29
2779049.0,526,الخليج التجارى,Business Bay,برج الحبتور,Al Habtoor Tower,1,2024-07-19,,,,28591.04,وسط مدينة دبي,Downtown Dubai,مول دبي,Dubai Mall,محطة مترو الخليج التجاري,Business Bay Metro Station,1.0,1.0,0.0,97.2,102,بيع - تسجيل مبدئى,Sell - Pre registration,برج الحبتور,Al Habtoor Tower,2656.0,شقه سكنيه,Flat,60.0,وحدة,Unit,3,سكني,Residential,على الخارطة,Off-Plan Properties,0,,غرفة,1 B/R,1-102-2024-52268,مبايعات,Sales,1,2026-08-21T18:27:40.000Z,2024-07-19
930451.0,441,البرشاء جنوب الرابعة,Al Barsha South Fourth,ستونهنج رزيدنز,Stonehenge Residences,1,2023-10-03,قرية جميرا الدائرية,Jumeirah Village Circle,,12271.84,أكاديمية المدينة الرياضية للسباحة,Sports City Swimming Academy,مارينا مول,Marina Mall,مدينة دبي للإنترنت,Dubai Internet City,1.0,1.0,0.0,75.82,102,بيع - تسجيل مبدئى,Sell - Pre registration,ستونج ريزيدنس,STONEHENGE RESIDENCES,2575.0,شقه سكنيه,Flat,60.0,وحدة,Unit,3,سكني,Residential,على الخارطة,Off-Plan Properties,0,,غرفة,1 B/R,1-102-2023-51548,مبايعات,Sales,1,2026-08-21T18:27:40.000Z,2023-10-03
2278828.0,526,الخليج التجارى,Business Bay,ذا كريستمارك,The Crestmark,1,2024-07-05,الخليج التجاري,Business Bay,,31778.39,وسط مدينة دبي,Downtown Dubai,مول دبي,Dubai Mall,محطة مترو بوج خليفة دبي مول,Buj Khalifa Dubai Mall Metro Station,1.0,2.0,0.0,71.71,102,بيع - تسجيل مبدئى,Sell - Pre registration,ذا كريستمارك,THE CRESTMARK,2832.0,شقه سكنيه,Flat,60.0,وحدة,Unit,3,سكني,Residential,على الخارطة,Off-Plan Properties,0,,غرفة,1 B/R,1-102-2024-48026,مبايعات,Sales,1,2026-08-21T18:27:40.000Z,2024-07-05
900000.0,441,البرشاء جنوب الرابعة,Al Barsha South Fourth,هاميني تاور,HAMENI TOWER,1,2023-02-21,قرية جميرا الدائرية,Jumeirah Village Circle,,10222.63,أكاديمية المدينة الرياضية للسباحة,Sports City Swimming Academy,مارينا مول,Marina Mall,مدينة دبي للإنترنت,Dubai Internet City,1.0,1.0,0.0,88.04,11,بيع,Sell,هامينى,HAMENI,1541.0,شقه سكنيه,Flat,60.0,وحدة,Unit,3,سكني,Residential,العقارات القائمة,Existing Properties,1,,غرفة,1 B/R,1-11-2023-4888,مبايعات,Sales,1,2026-08-21T18:27:40.000Z,2023-02-21
777828.0,441,البرشاء جنوب الرابعة,Al Barsha South Fourth,أوكلي سكوير ريزدنسز - تاور ايه,OAKLEY SQUARE RESIDENCES - TOWER A,1,2023-06-14,قرية جميرا الدائرية,Jumeirah Village Circle,,12429.34,أكاديمية المدينة الرياضية للسباحة,Sports City Swimming Academy,مول الإمارات,Mall of the Emirates,مدينة دبي للإنترنت,Dubai Internet City,1.0,1.0,0.0,62.58,102,بيع - تسجيل مبدئى,Sell - Pre registration,أوكلي سكوير ريزيدنسز,OAKLEY SQUARE RESIDENCES,2304.0,شقه سكنيه,Flat,60.0,وحدة,Unit,3,سكني,Residential,على الخارطة,Off-Plan Properties,0,,غرفة,1 B/R,1-102-2023-28595,مبايعات,Sales,1,2026-08-21T18:27:40.000Z,2023-06-14
874999.0,441,البرشاء جنوب الرابعة,Al Barsha South Fourth,بن غاطي روبي,Binghatti Ruby,1,2025-06-09,قرية جميرا الدائرية,Jumeirah Village Circle,,25547.42,أكاديمية المدينة الرياضية للسباحة,Sports City Swimming Academy,مول الإمارات,Mall of the Emirates,مدينة دبي للإنترنت,Dubai Internet City,1.0,2.0,0.0,34.25,102,بيع - تسجيل مبدئى,Sell - Pre registration,بن غاطي روبي,Binghatti Ruby,3533.0,شقه سكنيه,Flat,60.0,وحدة,Unit,3,سكني,Residential,على الخارطة,Off-Plan Properties,0,,استوديو,Studio,1-102-2025-48784,مبايعات,Sales,1,2026-08-21T18:27:40.000Z,2025-06-09
2347338.0,526,الخليج التجارى,Business Bay,برج تايجر سكاي,TIGER SKY TOWER,1,2025-10-27,الخليج التجاري,Business Bay,,28936.61,وسط مدينة دبي,Downtown Dubai,مول دبي,Dubai Mall,محطة مترو بوج خليفة دبي مول,Buj Khalifa Dubai Mall Metro Station,1.0,1.0,0.0,81.12,102,بيع - تسجيل مبدئى,Sell - Pre registration,برج تايجر سكاي,Tiger Sky Tower,2579.0,شقه سكنيه,Flat,60.0,وحدة,Unit,3,سكني,Residential,على الخارطة,Off-Plan Properties,0,,غرفة,1 B/R,1-102-2025-107396,مبايعات,Sales,1,2026-08-21T18:27:40.000Z,2025-10-27
3621400.0,526,الخليج التجارى,Business Bay,قنال هايتس,CANAL HEIGHTS,1,2025-08-22,الخليج التجاري,Business Bay,,29148.42,,,,,,,1.0,2.0,0.0,124.24,102,بيع - تسجيل مبدئى,Sell - Pre registration,قنال هايتس,CANAL HEIGHTS,2602.0,شقه سكنيه,Flat,60.0,وحدة,Unit,3,سكني,Residential,على الخارطة,Off-Plan Properties,0,,غرفتين,2 B/R,1-102-2025-78936,مبايعات,Sales,1,2026-08-21T18:27:40.000Z,2025-08-22
5300000.0,330,مرسى دبي,Marsa Dubai,بيتش مانشن - تاور 1,BEACH MANSION - TOWER 1,1,2023-01-25,دبي هاربر,Dubai Harbour,,33747.21,,,,,,,1.0,1.0,0.0,157.05,102,بيع - تسجيل مبدئى,Sell - Pre registration,بيتش مانشن,Beach Mansion,2286.0,شقه سكنيه,Flat,60.0,وحدة,Unit,3,سكني,Residential,على الخارطة,Off-Plan Properties,0,,ثلاث غرف,3 B/R,1-102-2023-4007,مبايعات,Sales,1,2026-08-21T18:27:40.000Z,2023-01-25
5400000.0,390,برج خليفة,Burj Khalifa,25اورس هيمات دبي,25hours Heimat Dubai,1,2024-11-04,داون تاون دبي,DownTown Dubai,,31228.31,وسط مدينة دبي,Downtown Dubai,مول دبي,Dubai Mall,محطة مترو الخليج التجاري,Business Bay Metro Station,1.0,1.0,0.0,172.92,102,بيع - تسجيل مبدئى,Sell - Pre registration,يوفوريك ريزدنسز,Euphoric Residences,2886.0,شقه سكنيه,Flat,60.0,وحدة,Unit,3,سكني,Residential,على الخارطة,Off-Plan Properties,0,,ثلاث غرف,3 B/R,1-102-2024-93186,مبايعات,Sales,1,2026-08-21T18:27:40.000Z,2024-11-04
813178.0,441,البرشاء جنوب الرابعة,Al Barsha South Fourth,وان بارك سكوير باي إيمان,ONE PARK SQUARE BY IMAN,1,2025-06-25,قرية جميرا الدائرية,Jumeirah Village Circle,,20498.56,أكاديمية المدينة الرياضية للسباحة,Sports City Swimming Academy,مول الإمارات,Mall of the Emirates,مدينة دبي للإنترنت,Dubai Internet City,1.0,1.0,0.0,39.67,102,بيع - تسجيل مبدئى,Sell - Pre registration,وان بارك سكوير باي إيمان,ONE PARK SQUARE BY IMAN,3366.0,شقه سكنيه,Flat,60.0,وحدة,Unit,3,سكني,Residential,على الخارطة,Off-Plan Properties,0,,استوديو,Studio,1-102-2025-55320,مبايعات,Sales,1,2026-08-21T18:27:40.000Z,2025-06-25
642979.0,442,البرشاء جنوب الخامسة,Al Barsha South Fifth,سيسيليا تاور,SESLIA TOWER,1,2025-08-06,قرية جميرا المثلثة,Jumeirah Village Triangle,,11918.05,أكاديمية المدينة الرياضية للسباحة,Sports City Swimming Academy,مارينا مول,Marina Mall,عقارات داماك,Damac Properties,1.0,1.0,0.0,53.95,102,بيع - تسجيل مبدئى,Sell - Pre registration,سيسليا تاور,Seslia Tower,2528.0,شقه سكنيه,Flat,60.0,وحدة,Unit,3,سكني,Residential,على الخارطة,Off-Plan Properties,0,,غرفة,1 B/R,1-102-2025-70302,مبايعات,Sales,1,2026-08-21T18:27:40.000Z,2025-08-06
1015483.0,442,البرشاء جنوب الخامسة,Al Barsha South Fifth,ميامي باي ايس دي,MIAMI BY SD,1,2023-05-24,قرية جميرا المثلثة,Jumeirah Village Triangle,,8632.13,أكاديمية المدينة الرياضية للسباحة,Sports City Swimming Academy,مارينا مول,Marina Mall,عقارات داماك,Damac Properties,1.0,1.0,0.0,117.64,102,بيع - تسجيل مبدئى,Sell - Pre registration,ميامي باي اس دي,MIAMI BY SD,2454.0,شقه سكنيه,Flat,60.0,وحدة,Unit,3,سكني,Residential,على الخارطة,Off-Plan Properties,0,,غرفة,1 B/R,1-102-2023-24351,مبايعات,Sales,1,2026-08-21T18:27:40.000Z,2023-05-24
4480888.0,482,حدائق الشيخ محمد بن راشد,Hadaeq Sheikh Mohammed Bin Rashid,فيدا رزيدنسز دبي هيلز استيت,Vida Residences Dubai Hills Estate,1,2024-06-25,دبي هيلز استيت,Dubai Hills Estate,,28367.23,,,,,,,1.0,1.0,0.0,157.96,102,بيع - تسجيل مبدئى,Sell - Pre registration,فيدا رزيدنسزدبي هيلز استيت,Vida Residences Dubai Hills Estate,2795.0,شقه سكنيه,Flat,60.0,وحدة,Unit,3,سكني,Residential,على الخارطة,Off-Plan Properties,0,,ثلاث غرف,3 B/R,1-102-2024-45338,مبايعات,Sales,1,2026-08-21T18:27:40.000Z,2024-06-25
1040000.0,441,البرشاء جنوب الرابعة,Al Barsha South Fourth,تشيللو ريزيدنسز - تاور اي,Cello Residences - Tower A,1,2026-03-10,قرية جميرا الدائرية,Jumeirah Village Circle,,15273.9,أكاديمية المدينة الرياضية للسباحة,Sports City Swimming Academy,مارينا مول,Marina Mall,محطة مترو النخيل,Nakheel Metro Station,1.0,1.0,0.0,68.09,102,بيع - تسجيل مبدئى,Sell - Pre registration,تشيللو ريزيدنسز,Cello Residences,2843.0,شقه سكنيه,Flat,60.0,وحدة,Unit,3,سكني,Residential,على الخارطة,Off-Plan Properties,0,,غرفة,1 B/R,1-102-2026-24090,مبايعات,Sales,1,2026-08-21T18:27:40.000Z,2026-03-10
4270000.0,390,برج خليفة,Burj Khalifa,العنوان رزيدنسز دبي اوبرا  T1,The Address Residences Dubai Opera T1,1,2025-01-20,داون تاون دبي,DownTown Dubai,,36721.71,برج خليفة,Burj Khalifa,مول دبي,Dubai Mall,محطة مترو بوج خليفة دبي مول,Buj Khalifa Dubai Mall Metro Station,2.0,1.0,0.0,116.28,41,بيع مبدئى,Delayed Sell,العنوان أوبرا دبي,THE ADDRESS DUBAI OPERA,1695.0,شقه سكنيه,Flat,60.0,وحدة,Unit,3,سكني,Residential,العقارات القائمة,Existing Properties,1,,غرفتين,2 B/R,1-41-2025-3979,مبايعات,Sales,1,2026-08-21T18:27:40.000Z,2025-01-20
4553888.0,330,مرسى دبي,Marsa Dubai,ذا بريستول إعمار بيتشفرونت,THE BRISTOL Emaar Beachfront,1,2025-03-04,دبي هاربر,Dubai Harbour,,59133.72,,,,,,,1.0,1.0,0.0,77.01,102,بيع - تسجيل مبدئى,Sell - Pre registration,ذا بريستول اعمار بيتشفرونت,THE BRISTOL Emaar Beachfront,3439.0,شقه سكنيه,Flat,60.0,وحدة,Unit,3,سكني,Residential,على الخارطة,Off-Plan Properties,0,,غرفة,1 B/R,1-102-2025-17814,مبايعات,Sales,1,2026-08-21T18:27:40.000Z,2025-03-04
1700000.0,441,البرشاء جنوب الرابعة,Al Barsha South Fourth,اكسينيا رسيدنس,Xenia Residence,1,2026-05-11,قرية جميرا الدائرية,Jumeirah Village Circle,,13339.61,أكاديمية المدينة الرياضية للسباحة,Sports City Swimming Academy,مارينا مول,Marina Mall,محطة مترو النخيل,Nakheel Metro Station,1.0,1.0,0.0,127.44,102,بيع - تسجيل مبدئى,Sell - Pre registration,زينيا ريزيدنس,Xenia Residence,3880.0,شقه سكنيه,Flat,60.0,وحدة,Unit,3,سكني,Residential,على الخارطة,Off-Plan Properties,0,,غرفتين,2 B/R,1-102-2026-43359,مبايعات,Sales,1,2026-08-21T18:27:40.000Z,2026-05-11
590000.0,441,البرشاء جنوب الرابعة,Al Barsha South Fourth,بن غاطي أزور,Binghatti Azure,1,2024-05-08,قرية جميرا الدائرية,Jumeirah Village Circle,,16151.11,أكاديمية المدينة الرياضية للسباحة,Sports City Swimming Academy,مول الإمارات,Mall of the Emirates,مدينة دبي للإنترنت,Dubai Internet City,1.0,1.0,0.0,36.53,102,بيع - تسجيل مبدئى,Sell - Pre registration,بن غاطي ازيور,Binghatti Azure,2862.0,شقه سكنيه,Flat,60.0,وحدة,Unit,3,سكني,Residential,على الخارطة,Off-Plan Properties,0,,استوديو,Studio,1-102-2024-29693,مبايعات,Sales,1,2026-08-21T18:27:40.000Z,2024-05-08
661292.0,441,البرشاء جنوب الرابعة,Al Barsha South Fourth,برج الأقصر من امتياز,LUXOR TOWER BY IMTIAZ,1,2024-03-07,قرية جميرا الدائرية,Jumeirah Village Circle,,17185.37,أكاديمية المدينة الرياضية للسباحة,Sports City Swimming Academy,مارينا مول,Marina Mall,محطة مترو النخيل,Nakheel Metro Station,1.0,1.0,0.0,38.48,102,بيع - تسجيل مبدئى,Sell - Pre registration,برج لكسورمن امتياز,Luxur Tower By Imtiaz,2770.0,شقه سكنيه,Flat,60.0,وحدة,Unit,3,سكني,Residential,على الخارطة,Off-Plan Properties,0,,استوديو,Studio,1-102-2024-14067,مبايعات,Sales,1,2026-08-21T18:27:40.000Z,2024-03-07
1380000.0,526,الخليج التجارى,Business Bay,بايز تاور,BAYZ TOWER,1,2024-04-04,الخليج التجاري,Business Bay,,17742.35,وسط مدينة دبي,Downtown Dubai,مول دبي,Dubai Mall,محطة مترو الخليج التجاري,Business Bay Metro Station,1.0,1.0,0.0,77.78,11,بيع,Sell,بايز تاور,Bayz Tower,1889.0,شقه سكنيه,Flat,60.0,وحدة,Unit,3,سكني,Residential,العقارات القائمة,Existing Properties,1,,غرفة,1 B/R,1-11-2024-12198,مبايعات,Sales,1,2026-08-21T18:27:40.000Z,2024-04-04
1025788.0,526,الخليج التجارى,Business Bay,اوندا باي كاسكو,ONDA BY KASCO,1,2025-09-03,الخليج التجاري,Business Bay,,26540.44,وسط مدينة دبي,Downtown Dubai,مول دبي,Dubai Mall,محطة مترو الخليج التجاري,Business Bay Metro Station,1.0,1.0,0.0,38.65,102,بيع - تسجيل مبدئى,Sell - Pre registration,اوندا - كاسكو,ONDA BY KASCO,3052.0,شقه سكنيه,Flat,60.0,وحدة,Unit,3,سكني,Residential,على الخارطة,Off-Plan Properties,0,,استوديو,Studio,1-102-2025-84306,مبايعات,Sales,1,2026-08-21T18:27:40.000Z,2025-09-03
5400000.0,410,نخلة جميرا,Palm Jumeirah,المساكن الشمالية,THE RESIDENCES NORTH,1,2025-04-21,نخلة جميرا,Palm Jumeirah,,28253.02,برج العرب,Burj Al Arab,مارينا مول,Marina Mall,نخلة جميرا,Palm Jumeirah,1.0,2.0,0.0,191.13,11,بيع,Sell,فيرمونت بالم رزيدنس,FAIRMONT PALM RESIDENCE,390.0,شقه سكنيه,Flat,60.0,وحدة,Unit,3,سكني,Residential,العقارات القائمة,Existing Properties,1,,غرفتين,2 B/R,1-11-2025-16157,مبايعات,Sales,1,2026-08-21T18:27:40.000Z,2025-04-21
1950000.0,390,برج خليفة,Burj Khalifa,بوليفارد سنترال 2,BLVD CENTRAL 2,1,2024-04-24,داون تاون دبي,DownTown Dubai,,26881.72,وسط مدينة دبي,Downtown Dubai,مول دبي,Dubai Mall,محطة مترو بوج خليفة دبي مول,Buj Khalifa Dubai Mall Metro Station,1.0,2.0,0.0,72.54,11,بيع,Sell,د د بوليفارد سنترال,DD BOULEVARD CENTRAL,1274.0,شقه سكنيه,Flat,60.0,وحدة,Unit,3,سكني,Residential,العقارات القائمة,Existing Properties,1,,غرفة,1 B/R,1-11-2024-13863,مبايعات,Sales,1,2026-08-21T18:27:40.000Z,2024-04-24
715000.0,441,البرشاء جنوب الرابعة,Al Barsha South Fourth,أوكسفورد تيريسس,OXFORD TERRACES,1,2024-08-05,قرية جميرا الدائرية,Jumeirah Village Circle,,20118.18,أكاديمية المدينة الرياضية للسباحة,Sports City Swimming Academy,مول الإمارات,Mall of the Emirates,مدينة دبي للإنترنت,Dubai Internet City,1.0,2.0,0.0,35.54,41,بيع مبدئى,Delayed Sell,اوكسفورد تيريسس,Oxford Terraces,2393.0,شقه سكنيه,Flat,60.0,وحدة,Unit,3,سكني,Residential,العقارات القائمة,Existing Properties,1,,استوديو,Studio,1-41-2024-15876,مبايعات,Sales,1,2026-08-21T18:27:40.000Z,2024-08-05
10600000.0,330,مرسى دبي,Marsa Dubai,جراند بلو تاور التصميم الداخلي لإيلي صعب تاور 1,Grand Bleu Tower interiors by Elie Saab Tower 1,1,2023-09-27,دبي هاربر,Dubai Harbour,,46654.93,,,,,,,2.0,1.0,0.0,227.2,102,بيع - تسجيل مبدئى,Sell - Pre registration,جراند بلو تاور، التصميم الداخلي لايلي صعب,Grand Bleu Tower interiors by Elie Saab,2152.0,شقه سكنيه,Flat,60.0,وحدة,Unit,3,سكني,Residential,على الخارطة,Off-Plan Properties,0,,ثلاث غرف,3 B/R,1-102-2023-50715,مبايعات,Sales,1,2026-08-21T18:27:40.000Z,2023-09-27
680000.0,441,البرشاء جنوب الرابعة,Al Barsha South Fourth,بروفينزا ريزيدنسز,Provenza Residences,1,2026-01-05,قرية جميرا الدائرية,Jumeirah Village Circle,,17722.18,أكاديمية المدينة الرياضية للسباحة,Sports City Swimming Academy,مارينا مول,Marina Mall,محطة مترو النخيل,Nakheel Metro Station,1.0,1.0,0.0,38.37,102,بيع - تسجيل مبدئى,Sell - Pre registration,مساكن بروفينزا,Provenza Residences,3681.0,شقه سكنيه,Flat,60.0,وحدة,Unit,3,سكني,Residential,على الخارطة,Off-Plan Properties,0,,استوديو,Studio,1-102-2026-600,مبايعات,Sales,1,2026-08-21T18:27:40.000Z,2026-01-05
900082.0,482,حدائق الشيخ محمد بن راشد,Hadaeq Sheikh Mohammed Bin Rashid,سوشيو تووير 1,Socio Tower 1,1,2023-12-08,دبي هيلز استيت,Dubai Hills Estate,,20498.34,برج العرب,Burj Al Arab,مول الإمارات,Mall of the Emirates,محطة مترو بنك أبوظبي الأول,First Abu Dhabi Bank Metro Station,1.0,1.0,0.0,43.91,41,بيع مبدئى,Delayed Sell,سوشيو,Socio,2028.0,شقه سكنيه,Flat,60.0,وحدة,Unit,3,سكني,Residential,العقارات القائمة,Existing Properties,1,,غرفة,1 B/R,1-41-2023-24516,مبايعات,Sales,1,2026-08-21T18:27:40.000Z,2023-12-08
850000.0,441,البرشاء جنوب الرابعة,Al Barsha South Fourth,بن غاطي أبيكس,Binghatti Apex,1,2024-11-27,قرية جميرا الدائرية,Jumeirah Village Circle,,10938.1,أكاديمية المدينة الرياضية للسباحة,Sports City Swimming Academy,مول الإمارات,Mall of the Emirates,مدينة دبي للإنترنت,Dubai Internet City,1.0,1.0,0.0,77.71,102,بيع - تسجيل مبدئى,Sell - Pre registration,بن غاطي ابيكس,Binghatti Apex,3066.0,شقه سكنيه,Flat,60.0,وحدة,Unit,3,سكني,Residential,على الخارطة,Off-Plan Properties,0,,غرفة,1 B/R,1-102-2024-100130,مبايعات,Sales,1,2026-08-21T18:27:40.000Z,2024-11-27
872174.0,441,البرشاء جنوب الرابعة,Al Barsha South Fourth,بيرل هاوس || من امتياز,PEAR HOUSE II BY IMTIAZ,1,2024-02-06,قرية جميرا الدائرية,Jumeirah Village Circle,,11377.17,أكاديمية المدينة الرياضية للسباحة,Sports City Swimming Academy,مول الإمارات,Mall of the Emirates,مدينة دبي للإنترنت,Dubai Internet City,1.0,1.0,0.0,76.66,102,بيع - تسجيل مبدئى,Sell - Pre registration,بيرل هاوس 2 من امتياز,Pearl House II By Imtiaz,2777.0,شقه سكنيه,Flat,60.0,وحدة,Unit,3,سكني,Residential,على الخارطة,Off-Plan Properties,0,,غرفة,1 B/R,1-102-2024-7176,مبايعات,Sales,1,2026-08-21T18:27:40.000Z,2024-02-06
1534000.0,330,مرسى دبي,Marsa Dubai,رووف هوم مرسى دبي,ROVE HOME DUBAI MARINA,1,2025-04-07,دبي مارينا,Dubai Marina,,41718.79,برج العرب,Burj Al Arab,مارينا مول,Marina Mall,محطة مترو مارينا مول,Marina Mall Metro Station,1.0,1.0,0.0,36.77,102,بيع - تسجيل مبدئى,Sell - Pre registration,روف منازل دبي مارينا,ROVE HOME DUBAI MARINA,3393.0,شقه سكنيه,Flat,60.0,وحدة,Unit,3,سكني,Residential,على الخارطة,Off-Plan Properties,0,,استوديو,Studio,1-102-2025-4354,مبايعات,Sales,1,2026-08-21T18:27:40.000Z,2025-04-07
967208.0,441,البرشاء جنوب الرابعة,Al Barsha South Fourth,اكسينيا رسيدنس,Xenia Residence,1,2026-03-30,قرية جميرا الدائرية,Jumeirah Village Circle,,14531.37,أكاديمية المدينة الرياضية للسباحة,Sports City Swimming Academy,مارينا مول,Marina Mall,محطة مترو النخيل,Nakheel Metro Station,1.0,1.0,0.0,66.56,102,بيع - تسجيل مبدئى,Sell - Pre registration,زينيا ريزيدنس,Xenia Residence,3880.0,شقه سكنيه,Flat,60.0,وحدة,Unit,3,سكني,Residential,على الخارطة,Off-Plan Properties,0,,غرفة,1 B/R,1-102-2026-29738,مبايعات,Sales,1,2026-08-21T18:27:40.000Z,2026-03-30
1453948.0,441,البرشاء جنوب الرابعة,Al Barsha South Fourth,وان سكاي بارك من ايمان,ONE SKY PARK BY IMAN,1,2025-02-26,قرية جميرا الدائرية,Jumeirah Village Circle,,14099.57,أكاديمية المدينة الرياضية للسباحة,Sports City Swimming Academy,مارينا مول,Marina Mall,محطة مترو النخيل,Nakheel Metro Station,1.0,1.0,0.0,103.12,102,بيع - تسجيل مبدئى,Sell - Pre registration,وان سكاي بارك من ايمان,ONE SKY PARK BY IMAN,3179.0,شقه سكنيه,Flat,60.0,وحدة,Unit,3,سكني,Residential,على الخارطة,Off-Plan Properties,0,,غرفة,1 B/R,1-102-2025-15643,مبايعات,Sales,1,2026-08-21T18:27:40.000Z,2025-02-26
2583777.0,482,حدائق الشيخ محمد بن راشد,Hadaeq Sheikh Mohammed Bin Rashid,جولف ريسيدنس بي فورتيمو,Golf Residences by Fortimo,1,2023-10-02,دبي هيلز استيت,Dubai Hills Estate,,17975.35,قرية عالمية,Global Village,مول الإمارات,Mall of the Emirates,محطة مترو بنك أبوظبي الأول,First Abu Dhabi Bank Metro Station,1.0,1.0,0.0,143.74,102,بيع - تسجيل مبدئى,Sell - Pre registration,جولف ريزيدنسز من فورتيمو,Golf Residences by Fortimo,2706.0,شقه سكنيه,Flat,60.0,وحدة,Unit,3,سكني,Residential,على الخارطة,Off-Plan Properties,0,,غرفتين,2 B/R,1-102-2023-51367,مبايعات,Sales,1,2026-08-21T18:27:40.000Z,2023-10-02
859850.0,441,البرشاء جنوب الرابعة,Al Barsha South Fourth,ذا اوتوجراف - أي سيريس,THE AUTOGRAPH-I SERIES,1,2025-08-20,قرية جميرا الدائرية,Jumeirah Village Circle,,18209.45,أكاديمية المدينة الرياضية للسباحة,Sports City Swimming Academy,مول الإمارات,Mall of the Emirates,مدينة دبي للإنترنت,Dubai Internet City,1.0,2.0,0.0,47.22,102,بيع - تسجيل مبدئى,Sell - Pre registration,ذا اوتوجراف-اّئي سيريس,THE AUTOGRAPH-I SERIES,3187.0,شقه سكنيه,Flat,60.0,وحدة,Unit,3,سكني,Residential,على الخارطة,Off-Plan Properties,0,,استوديو,Studio,1-102-2025-76947,مبايعات,Sales,1,2026-08-21T18:27:40.000Z,2025-08-20
1575000.0,330,مرسى دبي,Marsa Dubai,داماك هايتس,DAMAC HEIGHTS,1,2023-08-28,دبي مارينا,Dubai Marina,,23852.79,برج العرب,Burj Al Arab,مارينا مول,Marina Mall,ابراج مارينا,Marina Towers,1.0,2.0,0.0,66.03,11,بيع,Sell,داماك هايتس,DAMAC HEIGHTS,430.0,شقه سكنيه,Flat,60.0,وحدة,Unit,3,سكني,Residential,العقارات القائمة,Existing Properties,1,,غرفة,1 B/R,1-11-2023-27118,مبايعات,Sales,1,2026-08-21T18:27:40.000Z,2023-08-28
840000.0,526,الخليج التجارى,Business Bay,مايفير ريسدينسي,MAYFAIR  RESIDENCY,1,2023-10-02,الخليج التجاري,Business Bay,,14731.67,وسط مدينة دبي,Downtown Dubai,مول دبي,Dubai Mall,محطة مترو الخليج التجاري,Business Bay Metro Station,1.0,1.0,0.0,57.02,11,بيع,Sell,ميفير ريزيدنس,MAYFAIR RESIDENCY,52.0,شقه سكنيه,Flat,60.0,وحدة,Unit,3,سكني,Residential,العقارات القائمة,Existing Properties,1,,غرفة,1 B/R,1-11-2023-31415,مبايعات,Sales,1,2026-08-21T18:27:40.000Z,2023-10-02
750000.0,441,البرشاء جنوب الرابعة,Al Barsha South Fourth,بن غاطي جاردينيا,Binghatti Gardenia,1,2023-12-21,قرية جميرا الدائرية,Jumeirah Village Circle,,12556.5,أكاديمية المدينة الرياضية للسباحة,Sports City Swimming Academy,مول الإمارات,Mall of the Emirates,مدينة دبي للإنترنت,Dubai Internet City,1.0,1.0,0.0,59.73,102,بيع - تسجيل مبدئى,Sell - Pre registration,بن غاطي جاردينيا,Binghatti Gardenia,2662.0,شقه سكنيه,Flat,60.0,وحدة,Unit,3,سكني,Residential,على الخارطة,Off-Plan Properties,0,,غرفة,1 B/R,1-102-2023-67658,مبايعات,Sales,1,2026-08-21T18:27:40.000Z,2023-12-21
1553862.0,442,البرشاء جنوب الخامسة,Al Barsha South Fifth,فيفيد تاو ر,VIVID TOWER,1,2025-04-23,قرية جميرا المثلثة,Jumeirah Village Triangle,,12561.54,أكاديمية المدينة الرياضية للسباحة,Sports City Swimming Academy,ابن بطوطة مول,Ibn-e-Battuta Mall,برج هاربور,Harbour Tower,1.0,1.0,0.0,123.7,102,بيع - تسجيل مبدئى,Sell - Pre registration,فيفيد تاور,VIVID TOWER,3380.0,شقه سكنيه,Flat,60.0,وحدة,Unit,3,سكني,Residential,على الخارطة,Off-Plan Properties,0,,غرفتين,2 B/R,1-102-2025-33921,مبايعات,Sales,1,2026-08-21T18:27:40.000Z,2025-04-23
27000000.0,482,حدائق الشيخ محمد بن راشد,Hadaeq Sheikh Mohammed Bin Rashid,,,0,2023-08-28,دبي هيليز - بارك واي فيستا,DUBAI HILLS - PARKWAY VISTAS,,27561.99,آي إم جي وورلد أدفينتشرز,IMG World Adventures,مول الإمارات,Mall of the Emirates,محطة مترو نور بنك,Noor Bank Metro Station,1.0,1.0,0.0,979.61,11,بيع,Sell,باركواي فيستاز,Parkway Vistas,1768.0,,,,فيلا,Villa,4,سكني,Residential,العقارات القائمة,Existing Properties,1,,,,1-11-2023-27152,مبايعات,Sales,1,2026-08-21T18:27:40.000Z,2023-08-28
25511.0,330,مرسى دبي,Marsa Dubai,مارينا اركيد,MARINA ARCADE,1,2025-12-29,دبي مارينا,Dubai Marina,,236.15,برج العرب,Burj Al Arab,مارينا مول,Marina Mall,مينا السياحي,Mina Seyahi,1.0,1.0,0.0,108.03,11,بيع,Sell,مارينا أركيد,MARINA ARCADE,948.0,شقه سكنيه,Flat,60.0,وحدة,Unit,3,سكني,Residential,العقارات القائمة,Existing Properties,1,,غرفتين,2 B/R,1-11-2025-54405,مبايعات,Sales,1,2026-08-21T18:27:40.000Z,2025-12-29
2237888.0,482,حدائق الشيخ محمد بن راشد,Hadaeq Sheikh Mohammed Bin Rashid,إلفيرا 2,Elvira 2,1,2023-08-28,دبي هيلز استيت,Dubai Hills Estate,,22664.45,,,,,,,1.0,1.0,0.0,98.74,102,بيع - تسجيل مبدئى,Sell - Pre registration,الفيرا,Elvira,2536.0,شقه سكنيه,Flat,60.0,وحدة,Unit,3,سكني,Residential,على الخارطة,Off-Plan Properties,0,,غرفتين,2 B/R,1-102-2023-42280,مبايعات,Sales,1,2026-08-21T18:27:40.000Z,2023-08-28
1472888.0,482,حدائق الشيخ محمد بن راشد,Hadaeq Sheikh Mohammed Bin Rashid,كلوب بلايس مبنى أيه,Club Place Building A,1,2024-09-25,دبي هيلز استيت,Dubai Hills Estate,,22722.74,,,,,,,1.0,2.0,0.0,64.82,102,بيع - تسجيل مبدئى,Sell - Pre registration,كلوب بلايس,Club Place,3197.0,شقه سكنيه,Flat,60.0,وحدة,Unit,3,سكني,Residential,على الخارطة,Off-Plan Properties,0,,غرفة,1 B/R,1-102-2024-76276,مبايعات,Sales,1,2026-08-21T18:27:40.000Z,2024-09-25
4155000.0,526,الخليج التجارى,Business Bay,اربان اوسيس,URBAN OASIS,1,2024-03-12,الخليج التجاري,Business Bay,,23453.38,وسط مدينة دبي,Downtown Dubai,مول دبي,Dubai Mall,محطة مترو الخليج التجاري,Business Bay Metro Station,1.0,1.0,0.0,177.16,102,بيع - تسجيل مبدئى,Sell - Pre registration,اوربان اويسيس,URBAN OASIS,2007.0,شقه سكنيه,Flat,60.0,وحدة,Unit,3,سكني,Residential,على الخارطة,Off-Plan Properties,0,,ثلاث غرف,3 B/R,1-102-2024-15565,مبايعات,Sales,1,2026-08-21T18:27:40.000Z,2024-03-12
2903962.0,526,الخليج التجارى,Business Bay,برج الحبتور,Al Habtoor Tower,1,2025-05-01,,,,26708.01,وسط مدينة دبي,Downtown Dubai,مول دبي,Dubai Mall,محطة مترو الخليج التجاري,Business Bay Metro Station,1.0,1.0,0.0,108.73,102,بيع - تسجيل مبدئى,Sell - Pre registration,برج الحبتور,Al Habtoor Tower,2656.0,شقه سكنيه,Flat,60.0,وحدة,Unit,3,سكني,Residential,على الخارطة,Off-Plan Properties,0,,غرفة,1 B/R,1-102-2025-36528,مبايعات,Sales,1,2026-08-21T18:27:40.000Z,2025-05-01
1977000.0,390,برج خليفة,Burj Khalifa,برج فولتا,VOLTA TOWER,1,2023-11-01,,,,30895.45,برج خليفة,Burj Khalifa,مول دبي,Dubai Mall,محطة مترو بوج خليفة دبي مول,Buj Khalifa Dubai Mall Metro Station,1.0,1.0,0.0,63.99,102,بيع - تسجيل مبدئى,Sell - Pre registration,فولتا تاور,VOLTA TOWER,2782.0,شقه سكنيه,Flat,60.0,وحدة,Unit,3,سكني,Residential,على الخارطة,Off-Plan Properties,0,,غرفة,1 B/R,1-102-2023-57948,مبايعات,Sales,1,2026-08-21T18:27:40.000Z,2023-11-01
867300.0,441,البرشاء جنوب الرابعة,Al Barsha South Fourth,سيرينز من دانوب - تاور ايه,Serenz by Danube - TOWER A,1,2026-05-18,قرية جميرا الدائرية,Jumeirah Village Circle,,24506.92,أكاديمية المدينة الرياضية للسباحة,Sports City Swimming Academy,مارينا مول,Marina Mall,محطة مترو النخيل,Nakheel Metro Station,1.0,1.0,0.0,35.39,102,بيع - تسجيل مبدئى,Sell - Pre registration,سيرنز من دانوب,Serenz by Danube,4338.0,شقه سكنيه,Flat,60.0,وحدة,Unit,3,سكني,Residential,على الخارطة,Off-Plan Properties,0,,استوديو,Studio,1-102-2026-45288,مبايعات,Sales,1,2026-08-21T18:27:40.000Z,2026-05-18
2671888.0,482,حدائق الشيخ محمد بن راشد,Hadaeq Sheikh Mohammed Bin Rashid,بالاس رزيدنسز دبي هيلز استيت مبنى 3,Palace Residences Dubai Hills Estate Building 3,1,2024-07-16,دبي هيلز استيت,Dubai Hills Estate,,23809.37,موتور سيتي,Motor City,مول الإمارات,Mall of the Emirates,محطة مترو بنك أبوظبي الأول,First Abu Dhabi Bank Metro Station,1.0,1.0,0.0,112.22,102,بيع - تسجيل مبدئى,Sell - Pre registration,بالاس رزيدنسز دبي هيلز استيت,Palace Residences Dubai Hills Estate,2884.0,شقه سكنيه,Flat,60.0,وحدة,Unit,3,سكني,Residential,على الخارطة,Off-Plan Properties,0,,غرفتين,2 B/R,1-102-2024-51242,مبايعات,Sales,1,2026-08-21T18:27:40.000Z,2024-07-16
1550000.0,526,الخليج التجارى,Business Bay,ماركيز سكوير تاور,Marquise Square Tower,1,2024-02-12,الخليج التجاري,Business Bay,,22986.8,وسط مدينة دبي,Downtown Dubai,مول دبي,Dubai Mall,محطة مترو الخليج التجاري,Business Bay Metro Station,1.0,1.0,0.0,67.43,11,بيع,Sell,ماركيز سكوير تاور,MARQUISE SQUARE TOWER,1750.0,شقه سكنيه,Flat,60.0,وحدة,Unit,3,سكني,Residential,العقارات القائمة,Existing Properties,1,,غرفة,1 B/R,1-11-2024-4827,مبايعات,Sales,1,2026-08-21T18:27:40.000Z,2024-02-12
1097421.0,442,البرشاء جنوب الخامسة,Al Barsha South Fifth,و?نر تاور,WINNER TOWER,1,2024-07-10,قرية جميرا المثلثة,Jumeirah Village Triangle,,15672.96,أكاديمية المدينة الرياضية للسباحة,Sports City Swimming Academy,مارينا مول,Marina Mall,عقارات داماك,Damac Properties,1.0,1.0,0.0,70.02,102,بيع - تسجيل مبدئى,Sell - Pre registration,وينر تاور,WINNER TOWER,2991.0,شقه سكنيه,Flat,60.0,وحدة,Unit,3,سكني,Residential,على الخارطة,Off-Plan Properties,0,,غرفة,1 B/R,1-102-2024-49007,مبايعات,Sales,1,2026-08-21T18:27:40.000Z,2024-07-10
3300000.0,330,مرسى دبي,Marsa Dubai,52|42 تاور 2,52|42 Tower 2,1,2023-01-31,دبي مارينا,Dubai Marina,,31425.58,برج العرب,Burj Al Arab,مارينا مول,Marina Mall,مساكن شاطئ جميرا,Jumeirah Beach Residency,1.0,1.0,0.0,105.01,11,بيع,Sell,5242,5242,1747.0,شقه سكنيه,Flat,60.0,وحدة,Unit,3,سكني,Residential,العقارات القائمة,Existing Properties,1,,غرفتين,2 B/R,1-11-2023-2762,مبايعات,Sales,1,2026-08-21T18:27:40.000Z,2023-01-31
844000.0,441,البرشاء جنوب الرابعة,Al Barsha South Fourth,بن غاطي أزور,Binghatti Azure,1,2024-05-07,قرية جميرا الدائرية,Jumeirah Village Circle,,12946.77,أكاديمية المدينة الرياضية للسباحة,Sports City Swimming Academy,مول الإمارات,Mall of the Emirates,مدينة دبي للإنترنت,Dubai Internet City,1.0,1.0,0.0,65.19,102,بيع - تسجيل مبدئى,Sell - Pre registration,بن غاطي ازيور,Binghatti Azure,2862.0,شقه سكنيه,Flat,60.0,وحدة,Unit,3,سكني,Residential,على الخارطة,Off-Plan Properties,0,,غرفة,1 B/R,1-102-2024-29478,مبايعات,Sales,1,2026-08-21T18:27:40.000Z,2024-05-07
1215499.0,441,البرشاء جنوب الرابعة,Al Barsha South Fourth,بن غاطي فانتوم,Binghatti Phantom,1,2024-12-30,قرية جميرا الدائرية,Jumeirah Village Circle,,16535.15,أكاديمية المدينة الرياضية للسباحة,Sports City Swimming Academy,مول الإمارات,Mall of the Emirates,مدينة دبي للإنترنت,Dubai Internet City,1.0,1.0,0.0,73.51,102,بيع - تسجيل مبدئى,Sell - Pre registration,بن غاطي فانتوم,Binghatti Phantom,2958.0,شقه سكنيه,Flat,60.0,وحدة,Unit,3,سكني,Residential,على الخارطة,Off-Plan Properties,0,,غرفة,1 B/R,1-102-2024-109335,مبايعات,Sales,1,2026-08-21T18:27:40.000Z,2024-12-30
463563.0,441,البرشاء جنوب الرابعة,Al Barsha South Fourth,البرج الخامس,THE FIFTH TOWER,1,2024-09-10,قرية جميرا الدائرية,Jumeirah Village Circle,,7590.69,أكاديمية المدينة الرياضية للسباحة,Sports City Swimming Academy,مول الإمارات,Mall of the Emirates,مدينة دبي للإنترنت,Dubai Internet City,1.0,1.0,0.0,61.07,102,بيع - تسجيل مبدئى,Sell - Pre registration,البرج الخامس,THE FIFTH TOWER,3048.0,شقه سكنيه,Flat,60.0,وحدة,Unit,3,سكني,Residential,على الخارطة,Off-Plan Properties,0,,غرفة,1 B/R,1-102-2024-70196,مبايعات,Sales,1,2026-08-21T18:27:40.000Z,2024-09-10
2290000.0,526,الخليج التجارى,Business Bay,بايز 101 من دانوب,Bayz 101 By Danube,1,2024-06-04,,,,32723.64,برج خليفة,Burj Khalifa,مول دبي,Dubai Mall,محطة مترو الخليج التجاري,Business Bay Metro Station,1.0,2.0,0.0,69.98,102,بيع - تسجيل مبدئى,Sell - Pre registration,بايز101 من دانوب,Bayz 101 By Danube,2927.0,شقه سكنيه,Flat,60.0,وحدة,Unit,3,سكني,Residential,على الخارطة,Off-Plan Properties,0,,غرفة,1 B/R,1-102-2024-39537,مبايعات,Sales,1,2026-08-21T18:27:40.000Z,2024-06-04
2196999.0,526,الخليج التجارى,Business Bay,بن غاطي اكوارايز - تاور دي,Binghatti Aquarise - TOWER D,1,2025-08-26,الخليج التجاري,Business Bay,,30124.76,وسط مدينة دبي,Downtown Dubai,مول دبي,Dubai Mall,محطة مترو الخليج التجاري,Business Bay Metro Station,1.0,1.0,0.0,72.93,102,بيع - تسجيل مبدئى,Sell - Pre registration,بن غاطي أكوا رايز,Binghatti Aquarise,3585.0,شقه سكنيه,Flat,60.0,وحدة,Unit,3,سكني,Residential,على الخارطة,Off-Plan Properties,0,,غرفة,1 B/R,1-102-2025-80697,مبايعات,Sales,1,2026-08-21T18:27:40.000Z,2025-08-26
2766888.0,482,حدائق الشيخ محمد بن راشد,Hadaeq Sheikh Mohammed Bin Rashid,فيدا رزيدنسز كلوب بوينت - مبنى ايه,Vida Residences Club Point-Building A,1,2024-12-10,دبي هيلز استيت,Dubai Hills Estate,,27365.13,,,,,,,1.0,1.0,0.0,101.11,102,بيع - تسجيل مبدئى,Sell - Pre registration,فيدا رزيدنسز كلوب بوينت,Vida Residences Club Point,3309.0,شقه سكنيه,Flat,60.0,وحدة,Unit,3,سكني,Residential,على الخارطة,Off-Plan Properties,0,,غرفتين,2 B/R,1-102-2024-103070,مبايعات,Sales,1,2026-08-21T18:27:40.000Z,2024-12-10
1999333.0,526,الخليج التجارى,Business Bay,دج1 ليفينج,DG1 Living,1,2023-08-30,الخليج التجاري,Business Bay,,26453.2,وسط مدينة دبي,Downtown Dubai,مول دبي,Dubai Mall,محطة مترو الخليج التجاري,Business Bay Metro Station,1.0,1.0,0.0,75.58,102,بيع - تسجيل مبدئى,Sell - Pre registration,دج1 ليفينج,DG1 Living,2616.0,شقه سكنيه,Flat,60.0,وحدة,Unit,3,سكني,Residential,على الخارطة,Off-Plan Properties,0,,غرفة,1 B/R,1-102-2023-42708,مبايعات,Sales,1,2026-08-21T18:27:40.000Z,2023-08-30
900000.0,330,مرسى دبي,Marsa Dubai,برج سلافة,Sulafa Tower,1,2024-06-24,دبي مارينا,Dubai Marina,,10555.95,برج العرب,Burj Al Arab,مارينا مول,Marina Mall,مينا السياحي,Mina Seyahi,1.0,2.0,0.0,85.26,11,بيع,Sell,برج سلافة,SULAFA TOWER,40.0,شقه سكنيه,Flat,60.0,وحدة,Unit,3,سكني,Residential,العقارات القائمة,Existing Properties,1,,غرفة,1 B/R,1-11-2024-22723,مبايعات,Sales,1,2026-08-21T18:27:40.000Z,2024-06-24
1409545.0,441,البرشاء جنوب الرابعة,Al Barsha South Fourth,وان سكاي بارك من ايمان,ONE SKY PARK BY IMAN,1,2025-04-01,قرية جميرا الدائرية,Jumeirah Village Circle,,18507.68,أكاديمية المدينة الرياضية للسباحة,Sports City Swimming Academy,مارينا مول,Marina Mall,محطة مترو النخيل,Nakheel Metro Station,1.0,1.0,0.0,76.16,102,بيع - تسجيل مبدئى,Sell - Pre registration,وان سكاي بارك من ايمان,ONE SKY PARK BY IMAN,3179.0,شقه سكنيه,Flat,60.0,وحدة,Unit,3,سكني,Residential,على الخارطة,Off-Plan Properties,0,,غرفة,1 B/R,1-102-2025-26276,مبايعات,Sales,1,2026-08-21T18:27:40.000Z,2025-04-01
2120000.0,526,الخليج التجارى,Business Bay,ويست هايتس 3,WEST HEIGHTS 3,1,2024-12-12,الخليج التجاري,Business Bay,,14713.03,برج خليفة,Burj Khalifa,مول دبي,Dubai Mall,محطة مترو الخليج التجاري,Business Bay Metro Station,2.0,1.0,0.0,144.09,11,بيع,Sell,,,,شقه سكنيه,Flat,60.0,وحدة,Unit,3,سكني,Residential,العقارات القائمة,Existing Properties,1,,غرفتين,2 B/R,1-11-2024-48123,مبايعات,Sales,1,2026-08-21T18:27:40.000Z,2024-12-12
2229333.0,526,الخليج التجارى,Business Bay,دج1 ليفينج,DG1 Living,1,2023-08-24,الخليج التجاري,Business Bay,,28098.47,وسط مدينة دبي,Downtown Dubai,مول دبي,Dubai Mall,محطة مترو الخليج التجاري,Business Bay Metro Station,1.0,2.0,0.0,79.34,102,بيع - تسجيل مبدئى,Sell - Pre registration,دج1 ليفينج,DG1 Living,2616.0,شقه سكنيه,Flat,60.0,وحدة,Unit,3,سكني,Residential,على الخارطة,Off-Plan Properties,0,,غرفة,1 B/R,1-102-2023-40616,مبايعات,Sales,1,2026-08-21T18:27:40.000Z,2023-08-24
753000.0,442,البرشاء جنوب الخامسة,Al Barsha South Fifth,سول ليفانتي,Sol Levante,1,2025-09-02,قرية جميرا المثلثة,Jumeirah Village Triangle,,19297.8,أكاديمية المدينة الرياضية للسباحة,Sports City Swimming Academy,ابن بطوطة مول,Ibn-e-Battuta Mall,برج هاربور,Harbour Tower,1.0,1.0,0.0,39.02,102,بيع - تسجيل مبدئى,Sell - Pre registration,سول ليفانتي,SOL LEVANTE,3642.0,شقه سكنيه,Flat,60.0,وحدة,Unit,3,سكني,Residential,على الخارطة,Off-Plan Properties,0,,استوديو,Studio,1-102-2025-83547,مبايعات,Sales,1,2026-08-21T18:27:40.000Z,2025-09-02
1255828.0,441,البرشاء جنوب الرابعة,Al Barsha South Fourth,هيلمونت ريزيدنسز من إلينغتون,HILLMONT RESIDENCES BY ELLINGTON,1,2024-08-14,قرية جميرا الدائرية,Jumeirah Village Circle,,15924.78,أكاديمية المدينة الرياضية للسباحة,Sports City Swimming Academy,مارينا مول,Marina Mall,مدينة دبي للإنترنت,Dubai Internet City,1.0,2.0,0.0,78.86,102,بيع - تسجيل مبدئى,Sell - Pre registration,هيلمونت ريزيدنسز من إلينغتون,HILLMONT RESIDENCES BY ELLINGTON,3081.0,شقه سكنيه,Flat,60.0,وحدة,Unit,3,سكني,Residential,على الخارطة,Off-Plan Properties,0,,غرفة,1 B/R,1-102-2024-61079,مبايعات,Sales,1,2026-08-21T18:27:40.000Z,2024-08-14
2991652.0,441,البرشاء جنوب الرابعة,Al Barsha South Fourth,بن غاطي توليب,Binghatti Tulip,1,2024-03-12,قرية جميرا الدائرية,Jumeirah Village Circle,,17499.13,أكاديمية المدينة الرياضية للسباحة,Sports City Swimming Academy,مول الإمارات,Mall of the Emirates,مدينة دبي للإنترنت,Dubai Internet City,1.0,2.0,0.0,170.96,102,بيع - تسجيل مبدئى,Sell - Pre registration,بن غاطي توليب,Binghatti Tulip,2765.0,شقه سكنيه,Flat,60.0,وحدة,Unit,3,سكني,Residential,على الخارطة,Off-Plan Properties,0,,ثلاث غرف,3 B/R,1-102-2024-15337,مبايعات,Sales,1,2026-08-21T18:27:40.000Z,2024-03-12
2912888.0,482,حدائق الشيخ محمد بن راشد,Hadaeq Sheikh Mohammed Bin Rashid,باركوود برج ب,Parkwood Tower B,1,2025-04-15,دبي هيلز استيت,Dubai Hills Estate,,29160.96,,,,,,,1.0,1.0,0.0,99.89,102,بيع - تسجيل مبدئى,Sell - Pre registration,باركوود,Parkwood,3488.0,شقه سكنيه,Flat,60.0,وحدة,Unit,3,سكني,Residential,على الخارطة,Off-Plan Properties,0,,غرفتين,2 B/R,1-102-2025-31112,مبايعات,Sales,1,2026-08-21T18:27:40.000Z,2025-04-15
1740000.0,390,برج خليفة,Burj Khalifa,دنيا تاور,Dunya Tower,1,2025-12-15,داون تاون دبي,DownTown Dubai,,23510.34,وسط مدينة دبي,Downtown Dubai,مول دبي,Dubai Mall,محطة مترو بوج خليفة دبي مول,Buj Khalifa Dubai Mall Metro Station,1.0,1.0,0.0,74.01,11,بيع,Sell,,,,شقه سكنيه,Flat,60.0,وحدة,Unit,3,سكني,Residential,العقارات القائمة,Existing Properties,1,,غرفة,1 B/R,1-11-2025-52377,مبايعات,Sales,1,2026-08-21T18:27:40.000Z,2025-12-15
620000.0,330,مرسى دبي,Marsa Dubai,برج مارينا دايموند - A,MARINA DIAMOND - A,1,2023-09-13,دبي مارينا,Dubai Marina,,17841.73,برج العرب,Burj Al Arab,مارينا مول,Marina Mall,مرسى دبي,Dubai Marina,1.0,1.0,0.0,34.75,11,بيع,Sell,,,,شقه سكنيه,Flat,60.0,وحدة,Unit,3,سكني,Residential,العقارات القائمة,Existing Properties,1,,استوديو,Studio,1-11-2023-29040,مبايعات,Sales,1,2026-08-21T18:27:40.000Z,2023-09-13
1096085.0,442,البرشاء جنوب الخامسة,Al Barsha South Fifth,فورام هايتس,Forum Heights,1,2025-12-31,قرية جميرا المثلثة,Jumeirah Village Triangle,,17924.53,أكاديمية المدينة الرياضية للسباحة,Sports City Swimming Academy,مارينا مول,Marina Mall,عقارات داماك,Damac Properties,1.0,1.0,0.0,61.15,102,بيع - تسجيل مبدئى,Sell - Pre registration,اف اتش ريزيدنسي,FH Residency,2893.0,شقه سكنيه,Flat,60.0,وحدة,Unit,3,سكني,Residential,على الخارطة,Off-Plan Properties,0,,غرفة,1 B/R,1-102-2025-135724,مبايعات,Sales,1,2026-08-21T18:27:40.000Z,2025-12-31
6000000.0,330,مرسى دبي,Marsa Dubai,برج الاميرة,PRINCESS TOWER,1,2024-11-25,دبي مارينا,Dubai Marina,,20314.19,برج العرب,Burj Al Arab,مارينا مول,Marina Mall,مينا السياحي,Mina Seyahi,1.0,1.0,0.0,295.36,11,بيع,Sell,برنسس تاور,PRINCESS TOWER,221.0,شقه سكنيه,Flat,60.0,وحدة,Unit,3,سكني,Residential,العقارات القائمة,Existing Properties,1,,أربع غرف,4 B/R,1-11-2024-45403,مبايعات,Sales,1,2026-08-21T18:27:40.000Z,2024-11-25
868749.0,441,البرشاء جنوب الرابعة,Al Barsha South Fourth,بن غاطي روبي,Binghatti Ruby,1,2025-12-29,قرية جميرا الدائرية,Jumeirah Village Circle,,25786.55,أكاديمية المدينة الرياضية للسباحة,Sports City Swimming Academy,مول الإمارات,Mall of the Emirates,مدينة دبي للإنترنت,Dubai Internet City,1.0,1.0,0.0,33.69,102,بيع - تسجيل مبدئى,Sell - Pre registration,بن غاطي روبي,Binghatti Ruby,3533.0,شقه سكنيه,Flat,60.0,وحدة,Unit,3,سكني,Residential,على الخارطة,Off-Plan Properties,0,,استوديو,Studio,1-102-2025-134361,مبايعات,Sales,1,2026-08-21T18:27:40.000Z,2025-12-29
1938577.0,441,البرشاء جنوب الرابعة,Al Barsha South Fourth,أشتون بارك ر?ز?دنسز ? الثاني,Ashton Park Residences - The Second,1,2025-03-25,قرية جميرا الدائرية,Jumeirah Village Circle,,14032.41,أكاديمية المدينة الرياضية للسباحة,Sports City Swimming Academy,مارينا مول,Marina Mall,محطة مترو النخيل,Nakheel Metro Station,1.0,1.0,0.0,138.15,102,بيع - تسجيل مبدئى,Sell - Pre registration,أشتون بارك ريزيدنسز الثاني,Ashton Park Residences The Second,3263.0,شقه سكنيه,Flat,60.0,وحدة,Unit,3,سكني,Residential,على الخارطة,Off-Plan Properties,0,,غرفتين,2 B/R,1-102-2025-24661,مبايعات,Sales,1,2026-08-21T18:27:40.000Z,2025-03-25
1092236.0,442,البرشاء جنوب الخامسة,Al Barsha South Fifth,فورام هايتس,Forum Heights,1,2025-09-04,قرية جميرا المثلثة,Jumeirah Village Triangle,,17861.59,أكاديمية المدينة الرياضية للسباحة,Sports City Swimming Academy,مارينا مول,Marina Mall,عقارات داماك,Damac Properties,1.0,1.0,0.0,61.15,102,بيع - تسجيل مبدئى,Sell - Pre registration,اف اتش ريزيدنسي,FH Residency,2893.0,شقه سكنيه,Flat,60.0,وحدة,Unit,3,سكني,Residential,على الخارطة,Off-Plan Properties,0,,غرفة,1 B/R,1-102-2025-84530,مبايعات,Sales,1,2026-08-21T18:27:40.000Z,2025-09-04
749184.0,441,البرشاء جنوب الرابعة,Al Barsha South Fourth,رايز ريزدنسز,Rise Residences,1,2024-05-22,قرية جميرا الدائرية,Jumeirah Village Circle,,11368.5,أكاديمية المدينة الرياضية للسباحة,Sports City Swimming Academy,مول الإمارات,Mall of the Emirates,مدينة دبي للإنترنت,Dubai Internet City,1.0,1.0,0.0,65.9,102,بيع - تسجيل مبدئى,Sell - Pre registration,مساكن الارتفاع,Rise Residences,2731.0,شقه سكنيه,Flat,60.0,وحدة,Unit,3,سكني,Residential,على الخارطة,Off-Plan Properties,0,,غرفة,1 B/R,1-102-2024-34744,مبايعات,Sales,1,2026-08-21T18:27:40.000Z,2024-05-22
1650000.0,441,البرشاء جنوب الرابعة,Al Barsha South Fourth,II بلغرافيا هايتس,Belgravia Heights II,1,2024-10-09,قرية جميرا الدائرية,Jumeirah Village Circle,,14705.88,أكاديمية المدينة الرياضية للسباحة,Sports City Swimming Academy,مول الإمارات,Mall of the Emirates,مدينة دبي للإنترنت,Dubai Internet City,1.0,1.0,0.0,112.2,102,بيع - تسجيل مبدئى,Sell - Pre registration,II بلغرافيا هايتس,BELGRAVIA HEIGHTS II,2064.0,شقه سكنيه,Flat,60.0,وحدة,Unit,3,سكني,Residential,على الخارطة,Off-Plan Properties,0,,غرفتين,2 B/R,1-102-2024-83935,مبايعات,Sales,1,2026-08-21T18:27:40.000Z,2024-10-09
1090000.0,482,حدائق الشيخ محمد بن راشد,Hadaeq Sheikh Mohammed Bin Rashid,C بارك بوينت مبنى,Park Point Building C,1,2023-08-17,دبي هيلز استيت,Dubai Hills Estate,,17057.9,برج العرب,Burj Al Arab,مول الإمارات,Mall of the Emirates,محطة مترو بنك أبوظبي الأول,First Abu Dhabi Bank Metro Station,1.0,1.0,0.0,63.9,11,بيع,Sell,بارك بوينت,Park Point,1812.0,شقه سكنيه,Flat,60.0,وحدة,Unit,3,سكني,Residential,العقارات القائمة,Existing Properties,1,,غرفة,1 B/R,1-11-2023-25988,مبايعات,Sales,1,2026-08-21T18:27:40.000Z,2023-08-17
2850000.0,390,برج خليفة,Burj Khalifa,فورته T2,Forte T2,1,2024-02-20,داون تاون دبي,DownTown Dubai,,27083.53,برج خليفة,Burj Khalifa,مول دبي,Dubai Mall,محطة مترو بوج خليفة دبي مول,Buj Khalifa Dubai Mall Metro Station,1.0,3.0,0.0,105.23,11,بيع,Sell,فورتي,FORTE,1660.0,شقه سكنيه,Flat,60.0,وحدة,Unit,3,سكني,Residential,العقارات القائمة,Existing Properties,1,,غرفتين,2 B/R,1-11-2024-6054,مبايعات,Sales,1,2026-08-21T18:27:40.000Z,2024-02-20
732647.0,441,البرشاء جنوب الرابعة,Al Barsha South Fourth,ذا ايست كريست باي ميتيورا,THE EAST CREST BY METEORA,1,2023-11-21,قرية جميرا الدائرية,Jumeirah Village Circle,,12824.21,أكاديمية المدينة الرياضية للسباحة,Sports City Swimming Academy,مول الإمارات,Mall of the Emirates,مدينة دبي للإنترنت,Dubai Internet City,1.0,1.0,0.0,57.13,102,بيع - تسجيل مبدئى,Sell - Pre registration,ذا ايست كريست بواسطة ميتيورا,THE EAST CREST BY METEORA,2558.0,شقه سكنيه,Flat,60.0,وحدة,Unit,3,سكني,Residential,على الخارطة,Off-Plan Properties,0,,غرفة,1 B/R,1-102-2023-61591,مبايعات,Sales,1,2026-08-21T18:27:40.000Z,2023-11-21
7122000.0,330,مرسى دبي,Marsa Dubai,رزيدنسز في دبي هاربر  - البرج 2 W,W Residences At Dubai Harbour - Tower 2,1,2025-03-24,دبي هاربر,Dubai Harbour,,48011.33,,,,,,,1.0,1.0,0.0,148.34,102,بيع - تسجيل مبدئى,Sell - Pre registration,رزيدنسز في دبي هاربر W,W Residences at Dubai Harbour,3317.0,شقه سكنيه,Flat,60.0,وحدة,Unit,3,سكني,Residential,على الخارطة,Off-Plan Properties,0,,غرفتين,2 B/R,1-102-2025-24238,مبايعات,Sales,1,2026-08-21T18:27:40.000Z,2025-03-24
1100000.0,441,البرشاء جنوب الرابعة,Al Barsha South Fourth,بلاتيوم ريزيدنسيس,Palatium Residences,1,2026-08-13,قرية جميرا الدائرية,Jumeirah Village Circle,,13666.29,أكاديمية المدينة الرياضية للسباحة,Sports City Swimming Academy,مارينا مول,Marina Mall,محطة مترو النخيل,Nakheel Metro Station,1.0,1.0,0.0,80.49,102,بيع - تسجيل مبدئى,Sell - Pre registration,بالاشيوم ريزيدنسز,Palatium Residences,3065.0,شقه سكنيه,Flat,60.0,وحدة,Unit,3,سكني,Residential,على الخارطة,Off-Plan Properties,0,,غرفة,1 B/R,1-102-2026-70442,مبايعات,Sales,1,2026-08-21T18:27:40.000Z,2026-08-13
1877000.0,526,الخليج التجارى,Business Bay,ذي ادج,THE EDGE,1,2025-08-27,الخليج التجاري,Business Bay,,32306.37,وسط مدينة دبي,Downtown Dubai,مول دبي,Dubai Mall,محطة مترو الخليج التجاري,Business Bay Metro Station,1.0,2.0,0.0,58.1,102,بيع - تسجيل مبدئى,Sell - Pre registration,ذي أدج,The EDGE,2611.0,شقه سكنيه,Flat,60.0,وحدة,Unit,3,سكني,Residential,على الخارطة,Off-Plan Properties,0,,غرفة,1 B/R,1-102-2025-80788,مبايعات,Sales,1,2026-08-21T18:27:40.000Z,2025-08-27
435000.0,441,البرشاء جنوب الرابعة,Al Barsha South Fourth,كاسا جراندي,Casa Grande,1,2024-01-08,قرية جميرا الدائرية,Jumeirah Village Circle,,12140.66,أكاديمية المدينة الرياضية للسباحة,Sports City Swimming Academy,مول الإمارات,Mall of the Emirates,مدينة دبي للإنترنت,Dubai Internet City,1.0,1.0,0.0,35.83,11,بيع,Sell,حدائق سيرويا,SIROYA GARDENS,726.0,شقه سكنيه,Flat,60.0,وحدة,Unit,3,سكني,Residential,العقارات القائمة,Existing Properties,1,,استوديو,Studio,1-11-2024-713,مبايعات,Sales,1,2026-08-21T18:27:40.000Z,2024-01-08
1709662.0,526,الخليج التجارى,Business Bay,دج1 ليفينج,DG1 Living,1,2023-07-26,الخليج التجاري,Business Bay,,22345.6,وسط مدينة دبي,Downtown Dubai,مول دبي,Dubai Mall,محطة مترو الخليج التجاري,Business Bay Metro Station,1.0,1.0,0.0,76.51,102,بيع - تسجيل مبدئى,Sell - Pre registration,دج1 ليفينج,DG1 Living,2616.0,شقه سكنيه,Flat,60.0,وحدة,Unit,3,سكني,Residential,على الخارطة,Off-Plan Properties,0,,غرفة,1 B/R,1-102-2023-33452,مبايعات,Sales,1,2026-08-21T18:27:40.000Z,2023-07-26
3800000.0,482,حدائق الشيخ محمد بن راشد,Hadaeq Sheikh Mohammed Bin Rashid,ملبيري II آت بارك هايتس A2,MULBERRY II at PARK HEIGHTS Building A2,1,2025-07-15,دبي هيلز استيت,Dubai Hills Estate,,30030.03,برج العرب,Burj Al Arab,مول الإمارات,Mall of the Emirates,محطة مترو بنك أبوظبي الأول,First Abu Dhabi Bank Metro Station,1.0,1.0,0.0,126.54,11,بيع,Sell,مولبيري في بارك هايتس,MULBERRY at PARK HEIGHTS,1489.0,شقه سكنيه,Flat,60.0,وحدة,Unit,3,سكني,Residential,العقارات القائمة,Existing Properties,1,,غرفتين,2 B/R,1-11-2025-29841,مبايعات,Sales,1,2026-08-21T18:27:40.000Z,2025-07-15
665518.0,441,البرشاء جنوب الرابعة,Al Barsha South Fourth,برج الأقصر من امتياز,LUXOR TOWER BY IMTIAZ,1,2024-01-22,قرية جميرا الدائرية,Jumeirah Village Circle,,16852.84,أكاديمية المدينة الرياضية للسباحة,Sports City Swimming Academy,مارينا مول,Marina Mall,محطة مترو النخيل,Nakheel Metro Station,1.0,2.0,0.0,39.49,102,بيع - تسجيل مبدئى,Sell - Pre registration,برج لكسورمن امتياز,Luxur Tower By Imtiaz,2770.0,شقه سكنيه,Flat,60.0,وحدة,Unit,3,سكني,Residential,على الخارطة,Off-Plan Properties,0,,استوديو,Studio,1-102-2024-4042,مبايعات,Sales,1,2026-08-21T18:27:40.000Z,2024-01-22
4122888.0,482,حدائق الشيخ محمد بن راشد,Hadaeq Sheikh Mohammed Bin Rashid,العنوان رزيدنسز | دبي هيلز استيت A برج,Address Residences l Dubai Hills Estate Tower A,1,2024-10-10,دبي هيلز استيت,Dubai Hills Estate,,29061.03,,,,,,,1.0,1.0,0.0,141.87,102,بيع - تسجيل مبدئى,Sell - Pre registration,دبي هيلز استيت l العنوان رزيدنسز,Address Residences l Dubai Hills Estate,3228.0,شقه سكنيه,Flat,60.0,وحدة,Unit,3,سكني,Residential,على الخارطة,Off-Plan Properties,0,,ثلاث غرف,3 B/R,1-102-2024-84007,مبايعات,Sales,1,2026-08-21T18:27:40.000Z,2024-10-10
1955000.0,330,مرسى دبي,Marsa Dubai,اوشن هايتس,OCEAN HEIGHTS,1,2023-02-27,دبي مارينا,Dubai Marina,,11632.75,برج العرب,Burj Al Arab,مارينا مول,Marina Mall,مينا السياحي,Mina Seyahi,2.0,1.0,0.0,168.06,11,بيع,Sell,المحيط هايتس,OCEAN HEIGHTS,431.0,شقه سكنيه,Flat,60.0,وحدة,Unit,3,سكني,Residential,العقارات القائمة,Existing Properties,1,,غرفتين,2 B/R,1-11-2023-5438,مبايعات,Sales,1,2026-08-21T18:27:40.000Z,2023-02-27
3100000.0,330,مرسى دبي,Marsa Dubai,فايف لاكس,FIVE LUXE,1,2023-10-30,,,,57900.64,برج العرب,Burj Al Arab,مارينا مول,Marina Mall,مساكن شاطئ الجميرا,Jumeirah Beach Resdency,1.0,1.0,0.0,53.54,102,بيع - تسجيل مبدئى,Sell - Pre registration,فايف لاكس,FIVE LUXE,2309.0,شقه سكنيه,Flat,60.0,وحدة,Unit,3,سكني,Residential,على الخارطة,Off-Plan Properties,0,,استوديو,Studio,1-102-2023-57595,مبايعات,Sales,1,2026-08-21T18:27:40.000Z,2023-10-30
1650000.0,482,حدائق الشيخ محمد بن راشد,Hadaeq Sheikh Mohammed Bin Rashid,إكزيكتيف رزيدنسز,EXECUTIVE RESIDENCES,1,2026-08-06,دبي هيلز استيت,Dubai Hills Estate,,26996.07,برج العرب,Burj Al Arab,مول الإمارات,Mall of the Emirates,محطة مترو بنك أبوظبي الأول,First Abu Dhabi Bank Metro Station,1.0,1.0,0.0,61.12,11,بيع,Sell,بارك ريدج,PARK RIDGE,1937.0,شقه سكنيه,Flat,60.0,وحدة,Unit,3,سكني,Residential,العقارات القائمة,Existing Properties,1,,غرفة,1 B/R,1-11-2026-24420,مبايعات,Sales,1,2026-08-21T18:27:40.000Z,2026-08-06
1430000.0,441,البرشاء جنوب الرابعة,Al Barsha South Fourth,BLOOM TOWERS A,BLOOM TOWERS A,1,2025-07-10,قرية جميرا الدائرية,Jumeirah Village Circle,,12964.64,أكاديمية المدينة الرياضية للسباحة,Sports City Swimming Academy,مول الإمارات,Mall of the Emirates,مدينة دبي للإنترنت,Dubai Internet City,1.0,1.0,0.0,110.3,11,بيع,Sell,بلووم تاورز,Bloom Towers,1888.0,شقه سكنيه,Flat,60.0,وحدة,Unit,3,سكني,Residential,العقارات القائمة,Existing Properties,1,,غرفتين,2 B/R,1-11-2025-29195,مبايعات,Sales,1,2026-08-21T18:27:40.000Z,2025-07-10
1550000.0,441,البرشاء جنوب الرابعة,Al Barsha South Fourth,روكان جي 25,ROKANE G25,1,2024-12-31,قرية جميرا الدائرية,Jumeirah Village Circle,,12355.52,أكاديمية المدينة الرياضية للسباحة,Sports City Swimming Academy,مارينا مول,Marina Mall,مدينة دبي للإنترنت,Dubai Internet City,1.0,1.0,0.0,125.45,11,بيع,Sell,,,,شقه سكنيه,Flat,60.0,وحدة,Unit,3,سكني,Residential,العقارات القائمة,Existing Properties,1,,غرفتين,2 B/R,1-11-2024-50522,مبايعات,Sales,1,2026-08-21T18:27:40.000Z,2024-12-31
6350000.0,482,حدائق الشيخ محمد بن راشد,Hadaeq Sheikh Mohammed Bin Rashid,,,0,2025-07-28,دبي هيليز - مابل 3,DUBAI HILLS - MAPLE 3,,20440.35,قرية عالمية,Global Village,مول الإمارات,Mall of the Emirates,محطة مترو بنك أبوظبي الأول,First Abu Dhabi Bank Metro Station,1.0,1.0,0.0,310.66,11,بيع,Sell,III ميبل,Maple III,1899.0,فيلا,Villa,4.0,فيلا,Villa,4,سكني,Residential,العقارات القائمة,Existing Properties,1,,أربع غرف,4 B/R,1-11-2025-31546,مبايعات,Sales,1,2026-08-21T18:27:40.000Z,2025-07-28
270000.0,442,البرشاء جنوب الخامسة,Al Barsha South Fifth,EDMONTON ELM,EDMONTON ELM,1,2023-08-24,قرية جميرا المثلثة,Jumeirah Village Triangle,,7383.1,أكاديمية المدينة الرياضية للسباحة,Sports City Swimming Academy,مارينا مول,Marina Mall,عقارات داماك,Damac Properties,1.0,1.0,0.0,36.57,11,بيع,Sell,إدمونتون إلم,EDMONTON ELM,871.0,شقه سكنيه,Flat,60.0,وحدة,Unit,3,سكني,Residential,العقارات القائمة,Existing Properties,1,,استوديو,Studio,1-11-2023-26885,مبايعات,Sales,1,2026-08-21T18:27:40.000Z,2023-08-24
2006828.0,442,البرشاء جنوب الخامسة,Al Barsha South Fifth,بلمونت ريزيدنسز,Belmont Residences,1,2024-12-13,قرية جميرا المثلثة,Jumeirah Village Triangle,,18288.78,أكاديمية المدينة الرياضية للسباحة,Sports City Swimming Academy,مارينا مول,Marina Mall,عقارات داماك,Damac Properties,1.0,1.0,0.0,109.73,102,بيع - تسجيل مبدئى,Sell - Pre registration,بلمونت ريزيدنسز,BELMONT RESIDENCES,2639.0,شقه سكنيه,Flat,60.0,وحدة,Unit,3,سكني,Residential,على الخارطة,Off-Plan Properties,0,,غرفتين,2 B/R,1-102-2024-104339,مبايعات,Sales,1,2026-08-21T18:27:40.000Z,2024-12-13
871000.0,442,البرشاء جنوب الخامسة,Al Barsha South Fifth,سول ليفانتي,Sol Levante,1,2026-07-09,قرية جميرا المثلثة,Jumeirah Village Triangle,,21400.49,أكاديمية المدينة الرياضية للسباحة,Sports City Swimming Academy,ابن بطوطة مول,Ibn-e-Battuta Mall,برج هاربور,Harbour Tower,1.0,1.0,0.0,40.7,102,بيع - تسجيل مبدئى,Sell - Pre registration,سول ليفانتي,SOL LEVANTE,3642.0,شقه سكنيه,Flat,60.0,وحدة,Unit,3,سكني,Residential,على الخارطة,Off-Plan Properties,0,,استوديو,Studio,1-102-2026-60434,مبايعات,Sales,1,2026-08-21T18:27:40.000Z,2026-07-09
550000.0,441,البرشاء جنوب الرابعة,Al Barsha South Fourth,غالية,GHALIA,1,2025-08-28,قرية جميرا الدائرية,Jumeirah Village Circle,,13310.75,أكاديمية المدينة الرياضية للسباحة,Sports City Swimming Academy,مارينا مول,Marina Mall,محطة مترو النخيل,Nakheel Metro Station,1.0,2.0,0.0,41.32,11,بيع,Sell,غالية,GHALIA,1505.0,شقه سكنيه,Flat,60.0,وحدة,Unit,3,سكني,Residential,العقارات القائمة,Existing Properties,1,,استوديو,Studio,1-11-2025-35802,مبايعات,Sales,1,2026-08-21T18:27:40.000Z,2025-08-28
11000000.0,330,مرسى دبي,Marsa Dubai,52|42 تاور 2,52|42 Tower 2,1,2023-06-15,دبي مارينا,Dubai Marina,,32391.05,برج العرب,Burj Al Arab,مارينا مول,Marina Mall,مساكن شاطئ جميرا,Jumeirah Beach Residency,1.0,1.0,0.0,339.6,11,بيع,Sell,5242,5242,1747.0,شقه سكنيه,Flat,60.0,وحدة,Unit,3,سكني,Residential,العقارات القائمة,Existing Properties,1,,أربع غرف,4 B/R,1-11-2023-18858,مبايعات,Sales,1,2026-08-21T18:27:40.000Z,2023-06-15
2800000.0,390,برج خليفة,Burj Khalifa,اكت وان اكت تو تاور 2,Act One Act Two Tower 2,1,2023-05-25,داون تاون دبي,DownTown Dubai,,27121.27,برج خليفة,Burj Khalifa,مول دبي,Dubai Mall,محطة مترو بوج خليفة دبي مول,Buj Khalifa Dubai Mall Metro Station,2.0,1.0,0.0,103.24,41,بيع مبدئى,Delayed Sell,ACT ون | ACT تو,ACT ONE | ACT TWO,1773.0,شقه سكنيه,Flat,60.0,وحدة,Unit,3,سكني,Residential,العقارات القائمة,Existing Properties,1,,غرفتين,2 B/R,1-41-2023-9868,مبايعات,Sales,1,2026-08-21T18:27:40.000Z,2023-05-25
884793.0,441,البرشاء جنوب الرابعة,Al Barsha South Fourth,ذا اوتوجراف ? اس سيريس,The Autograph | S Series,1,2025-04-23,قرية جميرا الدائرية,Jumeirah Village Circle,,14507.18,أكاديمية المدينة الرياضية للسباحة,Sports City Swimming Academy,مارينا مول,Marina Mall,محطة مترو النخيل,Nakheel Metro Station,1.0,1.0,0.0,60.99,102,بيع - تسجيل مبدئى,Sell - Pre registration,ذا اوتوجراف - ايس سيريس,THE AUTOGRAPH-S SERIES,3186.0,شقه سكنيه,Flat,60.0,وحدة,Unit,3,سكني,Residential,على الخارطة,Off-Plan Properties,0,,استوديو,Studio,1-102-2025-33884,مبايعات,Sales,1,2026-08-21T18:27:40.000Z,2025-04-23
730000.0,441,البرشاء جنوب الرابعة,Al Barsha South Fourth,بن غاطي فينوس,Binghatti Venus,1,2023-08-21,قرية جميرا الدائرية,Jumeirah Village Circle,,13616.86,أكاديمية المدينة الرياضية للسباحة,Sports City Swimming Academy,مارينا مول,Marina Mall,محطة مترو النخيل,Nakheel Metro Station,1.0,1.0,0.0,53.61,102,بيع - تسجيل مبدئى,Sell - Pre registration,بن غاطي ?ينوس,Binghatti Venus,2671.0,شقه سكنيه,Flat,60.0,وحدة,Unit,3,سكني,Residential,على الخارطة,Off-Plan Properties,0,,غرفة,1 B/R,1-102-2023-41018,مبايعات,Sales,1,2026-08-21T18:27:40.000Z,2023-08-21
765000.0,526,الخليج التجارى,Business Bay,ريفا ريزيدنسز,REVA RESIDENCES,1,2023-03-14,الخليج التجاري,Business Bay,,17315.53,وسط مدينة دبي,Downtown Dubai,مول دبي,Dubai Mall,محطة مترو بوج خليفة دبي مول,Buj Khalifa Dubai Mall Metro Station,1.0,1.0,0.0,44.18,11,بيع,Sell,ريفا ريزيدنسز,REVA RESIDENCES,2018.0,شقه سكنيه,Flat,60.0,وحدة,Unit,3,سكني,Residential,العقارات القائمة,Existing Properties,1,,غرفة,1 B/R,1-11-2023-7147,مبايعات,Sales,1,2026-08-21T18:27:40.000Z,2023-03-14
1020000.0,526,الخليج التجارى,Business Bay,نورث سايد 15 - تاور 1,15 Northside - Tower 1,1,2026-01-29,الخليج التجاري,Business Bay,,29109.59,وسط مدينة دبي,Downtown Dubai,مول دبي,Dubai Mall,محطة مترو بوج خليفة دبي مول,Buj Khalifa Dubai Mall Metro Station,1.0,1.0,0.0,35.04,11,بيع,Sell,15 نورث سايد,15 Northside,2214.0,شقه سكنيه,Flat,60.0,وحدة,Unit,3,سكني,Residential,العقارات القائمة,Existing Properties,1,,استوديو,Studio,1-11-2026-4277,مبايعات,Sales,1,2026-08-21T18:27:40.000Z,2026-01-29
1255470.0,482,حدائق الشيخ محمد بن راشد,Hadaeq Sheikh Mohammed Bin Rashid,بريفيه ريزيدنس,Prive Residence,1,2023-05-30,دبي هيلز استيت,Dubai Hills Estate,,18298.65,قرية عالمية,Global Village,مول الإمارات,Mall of the Emirates,محطة مترو بنك أبوظبي الأول,First Abu Dhabi Bank Metro Station,1.0,1.0,0.0,68.61,102,بيع - تسجيل مبدئى,Sell - Pre registration,بريف ريزيدنس,Prive Residence,2529.0,شقه سكنيه,Flat,60.0,وحدة,Unit,3,سكني,Residential,على الخارطة,Off-Plan Properties,0,,غرفة,1 B/R,1-102-2023-23893,مبايعات,Sales,1,2026-08-21T18:27:40.000Z,2023-05-30
1320760.0,390,برج خليفة,Burj Khalifa,اليت داون تاون ريزيدنيس,ELITE DOWNTOWN RESIDENCE,1,2023-09-13,داون تاون دبي,DownTown Dubai,,26510.64,وسط مدينة دبي,Downtown Dubai,مول دبي,Dubai Mall,محطة مترو الخليج التجاري,Business Bay Metro Station,1.0,1.0,0.0,49.82,41,بيع مبدئى,Delayed Sell,ايليت داون تاون رزيدنس,ELITE DOWNTOWN RESIDENCE,1403.0,شقه سكنيه,Flat,60.0,وحدة,Unit,3,سكني,Residential,العقارات القائمة,Existing Properties,1,,استوديو,Studio,1-41-2023-17753,مبايعات,Sales,1,2026-08-21T18:27:40.000Z,2023-09-13
800000.0,441,البرشاء جنوب الرابعة,Al Barsha South Fourth,بن غاطي هاوس,Binghatti House,1,2023-12-11,قرية جميرا الدائرية,Jumeirah Village Circle,,13434.09,أكاديمية المدينة الرياضية للسباحة,Sports City Swimming Academy,مارينا مول,Marina Mall,مدينة دبي للإنترنت,Dubai Internet City,1.0,2.0,0.0,59.55,102,بيع - تسجيل مبدئى,Sell - Pre registration,بن غاطي هاوس,Binghatti House,2670.0,شقه سكنيه,Flat,60.0,وحدة,Unit,3,سكني,Residential,على الخارطة,Off-Plan Properties,0,,غرفة,1 B/R,1-102-2023-65412,مبايعات,Sales,1,2026-08-21T18:27:40.000Z,2023-12-11
1773964.0,442,البرشاء جنوب الخامسة,Al Barsha South Fifth,فيفيد تاو ر,VIVID TOWER,1,2025-11-12,قرية جميرا المثلثة,Jumeirah Village Triangle,,14528.78,أكاديمية المدينة الرياضية للسباحة,Sports City Swimming Academy,ابن بطوطة مول,Ibn-e-Battuta Mall,برج هاربور,Harbour Tower,1.0,1.0,0.0,122.1,102,بيع - تسجيل مبدئى,Sell - Pre registration,فيفيد تاور,VIVID TOWER,3380.0,شقه سكنيه,Flat,60.0,وحدة,Unit,3,سكني,Residential,على الخارطة,Off-Plan Properties,0,,غرفتين,2 B/R,1-102-2025-114497,مبايعات,Sales,1,2026-08-21T18:27:40.000Z,2025-11-12
1577576.0,442,البرشاء جنوب الخامسة,Al Barsha South Fifth,لومينار تاور تو,Luminar Tower 2,1,2025-10-06,قرية جميرا المثلثة,Jumeirah Village Triangle,,13455.95,أكاديمية المدينة الرياضية للسباحة,Sports City Swimming Academy,مارينا مول,Marina Mall,أبراج بحيرات جميرا,Jumeirah Lakes Towers,1.0,1.0,0.0,117.24,102,بيع - تسجيل مبدئى,Sell - Pre registration,لومينار تاور تو,Luminar Tower 2,3298.0,شقه سكنيه,Flat,60.0,وحدة,Unit,3,سكني,Residential,على الخارطة,Off-Plan Properties,0,,غرفتين,2 B/R,1-102-2025-99231,مبايعات,Sales,1,2026-08-21T18:27:40.000Z,2025-10-06
3900000.0,410,نخلة جميرا,Palm Jumeirah,الخضوري,Al Khudrawi,1,2024-11-12,نخلة جميرا,Palm Jumeirah,,19243.1,برج العرب,Burj Al Arab,مارينا مول,Marina Mall,نخلة جميرا,Palm Jumeirah,1.0,1.0,0.0,202.67,11,بيع,Sell,,,,شقه سكنيه,Flat,60.0,وحدة,Unit,3,سكني,Residential,العقارات القائمة,Existing Properties,1,,ثلاث غرف,3 B/R,1-11-2024-43302,مبايعات,Sales,1,2026-08-21T18:27:40.000Z,2024-11-12
1306256.0,441,البرشاء جنوب الرابعة,Al Barsha South Fourth,ألتا فيو سكاي هومز,ALTA VIEW SKYHOMES,1,2026-02-03,قرية جميرا الدائرية,Jumeirah Village Circle,,19389.28,أكاديمية المدينة الرياضية للسباحة,Sports City Swimming Academy,مارينا مول,Marina Mall,مدينة دبي للإنترنت,Dubai Internet City,1.0,1.0,0.0,67.37,102,بيع - تسجيل مبدئى,Sell - Pre registration,ألتا فيو سكاي هومز,ALTA VIEW SKYHOMES,3842.0,شقه سكنيه,Flat,60.0,وحدة,Unit,3,سكني,Residential,على الخارطة,Off-Plan Properties,0,,غرفة,1 B/R,1-102-2026-11934,مبايعات,Sales,1,2026-08-21T18:27:40.000Z,2026-02-03
600000.0,441,البرشاء جنوب الرابعة,Al Barsha South Fourth,كوبيكس رسيدنسس,Cubix Residences,1,2024-02-14,قرية جميرا الدائرية,Jumeirah Village Circle,,17590.15,أكاديمية المدينة الرياضية للسباحة,Sports City Swimming Academy,مول الإمارات,Mall of the Emirates,مدينة دبي للإنترنت,Dubai Internet City,1.0,2.0,0.0,34.11,102,بيع - تسجيل مبدئى,Sell - Pre registration,كوبيكس رسيدنسس,Cubix Residences,2812.0,شقه سكنيه,Flat,60.0,وحدة,Unit,3,سكني,Residential,على الخارطة,Off-Plan Properties,0,,استوديو,Studio,1-102-2024-8806,مبايعات,Sales,1,2026-08-21T18:27:40.000Z,2024-02-14
1605000.0,526,الخليج التجارى,Business Bay,بينينسولا ثري,Peninsula Three,1,2025-05-27,الخليج التجاري,Business Bay,,26289.93,وسط مدينة دبي,Downtown Dubai,مول دبي,Dubai Mall,محطة مترو الخليج التجاري,Business Bay Metro Station,1.0,1.0,0.0,61.05,102,بيع - تسجيل مبدئى,Sell - Pre registration,بينينسولا ثري,Peninsula Three,2372.0,شقه سكنيه,Flat,60.0,وحدة,Unit,3,سكني,Residential,على الخارطة,Off-Plan Properties,0,,غرفة,1 B/R,1-102-2025-45034,مبايعات,Sales,1,2026-08-21T18:27:40.000Z,2025-05-27
864208.0,442,البرشاء جنوب الخامسة,Al Barsha South Fifth,لومينار تاور وان,Luminar Tower 1,1,2024-10-30,قرية جميرا المثلثة,Jumeirah Village Triangle,,16084.27,أكاديمية المدينة الرياضية للسباحة,Sports City Swimming Academy,مارينا مول,Marina Mall,أبراج بحيرات جميرا,Jumeirah Lakes Towers,1.0,1.0,0.0,53.73,102,بيع - تسجيل مبدئى,Sell - Pre registration,لومينار تاور وان,Luminar Tower 1,3183.0,شقه سكنيه,Flat,60.0,وحدة,Unit,3,سكني,Residential,على الخارطة,Off-Plan Properties,0,,غرفة,1 B/R,1-102-2024-91646,مبايعات,Sales,1,2026-08-21T18:27:40.000Z,2024-10-30
2500888.0,482,حدائق الشيخ محمد بن راشد,Hadaeq Sheikh Mohammed Bin Rashid,بارك لين ? مبنى 2 بي,Park Lane ? Building 2B,1,2024-05-24,دبي هيلز استيت,Dubai Hills Estate,,20586.83,برج العرب,Burj Al Arab,مول الإمارات,Mall of the Emirates,محطة مترو بنك أبوظبي الأول,First Abu Dhabi Bank Metro Station,1.0,2.0,0.0,121.48,102,بيع - تسجيل مبدئى,Sell - Pre registration,بارك لين,Park Lane,2775.0,شقه سكنيه,Flat,60.0,وحدة,Unit,3,سكني,Residential,على الخارطة,Off-Plan Properties,0,,غرفتين,2 B/R,1-102-2024-35428,مبايعات,Sales,1,2026-08-21T18:27:40.000Z,2024-05-24
786999.0,442,البرشاء جنوب الخامسة,Al Barsha South Fifth,?ن ??ط? ??زور??,BINGHATTI LUXURIA,1,2026-03-24,قرية جميرا المثلثة,Jumeirah Village Triangle,,25103.64,أكاديمية المدينة الرياضية للسباحة,Sports City Swimming Academy,مارينا مول,Marina Mall,عقارات داماك,Damac Properties,1.0,1.0,0.0,31.35,102,بيع - تسجيل مبدئى,Sell - Pre registration,بن غاطي لكزوريا,Binghatti Luxuria,4299.0,شقه سكنيه,Flat,60.0,وحدة,Unit,3,سكني,Residential,على الخارطة,Off-Plan Properties,0,,استوديو,Studio,1-102-2026-28224,مبايعات,Sales,1,2026-08-21T18:27:40.000Z,2026-03-24
1321977.0,441,البرشاء جنوب الرابعة,Al Barsha South Fourth,بارك بوليفارد باى ميتيورا,PARK BOULEVARD BY METEORA,1,2025-07-02,قرية جميرا الدائرية,Jumeirah Village Circle,,16952.77,أكاديمية المدينة الرياضية للسباحة,Sports City Swimming Academy,مول الإمارات,Mall of the Emirates,مدينة دبي للإنترنت,Dubai Internet City,1.0,1.0,0.0,77.98,102,بيع - تسجيل مبدئى,Sell - Pre registration,بارك بوليفارد باى ميتيورا,PARK BOULEVARD BY METEORA,3045.0,شقه سكنيه,Flat,60.0,وحدة,Unit,3,سكني,Residential,على الخارطة,Off-Plan Properties,0,,غرفتين,2 B/R,1-102-2025-57605,مبايعات,Sales,1,2026-08-21T18:27:40.000Z,2025-07-02
1450000.0,330,مرسى دبي,Marsa Dubai,باي سنترال 2,BAY CENTRAL 2,1,2024-10-02,دبي مارينا,Dubai Marina,,24134.49,برج العرب,Burj Al Arab,مارينا مول,Marina Mall,مساكن شاطئ الجميرا,Jumeirah Beach Resdency,1.0,1.0,0.0,60.08,11,بيع,Sell,باي سنترال ويست أند سنترال,BAY CENTRAL WEST & CENTRAL TOWERS,259.0,شقه سكنيه,Flat,60.0,وحدة,Unit,3,سكني,Residential,العقارات القائمة,Existing Properties,1,,غرفة,1 B/R,1-11-2024-37134,مبايعات,Sales,1,2026-08-21T18:27:40.000Z,2024-10-02
1770888.0,482,حدائق الشيخ محمد بن راشد,Hadaeq Sheikh Mohammed Bin Rashid,بالاس رزيدنسز دبي هيلز استيت مبنى 1,Palace Residences Dubai Hills Estate Building 1,1,2024-07-16,دبي هيلز استيت,Dubai Hills Estate,,25642.75,موتور سيتي,Motor City,مول الإمارات,Mall of the Emirates,محطة مترو بنك أبوظبي الأول,First Abu Dhabi Bank Metro Station,1.0,2.0,0.0,69.06,102,بيع - تسجيل مبدئى,Sell - Pre registration,بالاس رزيدنسز دبي هيلز استيت,Palace Residences Dubai Hills Estate,2884.0,شقه سكنيه,Flat,60.0,وحدة,Unit,3,سكني,Residential,على الخارطة,Off-Plan Properties,0,,غرفة,1 B/R,1-102-2024-50246,مبايعات,Sales,1,2026-08-21T18:27:40.000Z,2024-07-16
1465000.0,482,حدائق الشيخ محمد بن راشد,Hadaeq Sheikh Mohammed Bin Rashid,إكزيكتيف رزيدنسز 2,EXECUTIVE RESIDENCES 2,1,2025-05-26,دبي هيلز استيت,Dubai Hills Estate,,24275.06,برج العرب,Burj Al Arab,مول الإمارات,Mall of the Emirates,محطة مترو بنك أبوظبي الأول,First Abu Dhabi Bank Metro Station,1.0,1.0,0.0,60.35,11,بيع,Sell,بارك ريدج,PARK RIDGE,1937.0,شقه سكنيه,Flat,60.0,وحدة,Unit,3,سكني,Residential,العقارات القائمة,Existing Properties,1,,غرفة,1 B/R,1-11-2025-21947,مبايعات,Sales,1,2026-08-21T18:27:40.000Z,2025-05-26
1904999.0,390,برج خليفة,Burj Khalifa,بن غاطي سكاي بليد,Binghatti Skyblade,1,2025-12-18,داون تاون دبي,DownTown Dubai,,38547.13,وسط مدينة دبي,Downtown Dubai,مول دبي,Dubai Mall,محطة مترو الخليج التجاري,Business Bay Metro Station,1.0,1.0,0.0,49.42,102,بيع - تسجيل مبدئى,Sell - Pre registration,بن غاطي سكاي بليد,Binghatti Skyblade,3725.0,شقه سكنيه,Flat,60.0,وحدة,Unit,3,سكني,Residential,على الخارطة,Off-Plan Properties,0,,استوديو,Studio,1-102-2025-129422,مبايعات,Sales,1,2026-08-21T18:27:40.000Z,2025-12-18
2183249.0,526,الخليج التجارى,Business Bay,بن غاطي سكاي رايز - تاور سي,Binghatti Skyrise - TOWER C,1,2025-03-10,الخليج التجاري,Business Bay,,25048.75,وسط مدينة دبي,Downtown Dubai,مول دبي,Dubai Mall,محطة مترو الخليج التجاري,Business Bay Metro Station,1.0,1.0,0.0,87.16,102,بيع - تسجيل مبدئى,Sell - Pre registration,بن غاطي سكاي رايز,Binghatti Skyrise,3349.0,شقه سكنيه,Flat,60.0,وحدة,Unit,3,سكني,Residential,على الخارطة,Off-Plan Properties,0,,غرفة,1 B/R,1-102-2025-19456,مبايعات,Sales,1,2026-08-21T18:27:40.000Z,2025-03-10
962498.0,441,البرشاء جنوب الرابعة,Al Barsha South Fourth,بن غاطي روبي,Binghatti Ruby,1,2026-01-07,قرية جميرا الدائرية,Jumeirah Village Circle,,28938.63,أكاديمية المدينة الرياضية للسباحة,Sports City Swimming Academy,مول الإمارات,Mall of the Emirates,مدينة دبي للإنترنت,Dubai Internet City,1.0,1.0,0.0,33.26,102,بيع - تسجيل مبدئى,Sell - Pre registration,بن غاطي روبي,Binghatti Ruby,3533.0,شقه سكنيه,Flat,60.0,وحدة,Unit,3,سكني,Residential,على الخارطة,Off-Plan Properties,0,,استوديو,Studio,1-102-2026-1611,مبايعات,Sales,1,2026-08-21T18:27:40.000Z,2026-01-07
1804888.0,482,حدائق الشيخ محمد بن راشد,Hadaeq Sheikh Mohammed Bin Rashid,بالاس رزيدنسز دبي هيلز استيت مبنى 1,Palace Residences Dubai Hills Estate Building 1,1,2024-07-16,دبي هيلز استيت,Dubai Hills Estate,,25999.54,موتور سيتي,Motor City,مول الإمارات,Mall of the Emirates,محطة مترو بنك أبوظبي الأول,First Abu Dhabi Bank Metro Station,1.0,1.0,0.0,69.42,102,بيع - تسجيل مبدئى,Sell - Pre registration,بالاس رزيدنسز دبي هيلز استيت,Palace Residences Dubai Hills Estate,2884.0,شقه سكنيه,Flat,60.0,وحدة,Unit,3,سكني,Residential,على الخارطة,Off-Plan Properties,0,,غرفة,1 B/R,1-102-2024-50257,مبايعات,Sales,1,2026-08-21T18:27:40.000Z,2024-07-16
3000000.0,330,مرسى دبي,Marsa Dubai,الفتان مارين تاورز,Al Fattan Marine Towers,1,2024-03-25,,,,15416.24,برج العرب,Burj Al Arab,مارينا مول,Marina Mall,مساكن شاطئ الجميرا,Jumeirah Beach Resdency,1.0,2.0,0.0,194.6,11,بيع,Sell,,,,شقه سكنيه,Flat,60.0,وحدة,Unit,3,سكني,Residential,العقارات القائمة,Existing Properties,1,,ثلاث غرف,3 B/R,1-11-2024-10904,مبايعات,Sales,1,2026-08-21T18:27:40.000Z,2024-03-25
620000.0,441,البرشاء جنوب الرابعة,Al Barsha South Fourth,II بلغرافيا هايتس,Belgravia Heights II,1,2024-05-03,قرية جميرا الدائرية,Jumeirah Village Circle,,15938.3,أكاديمية المدينة الرياضية للسباحة,Sports City Swimming Academy,مول الإمارات,Mall of the Emirates,مدينة دبي للإنترنت,Dubai Internet City,1.0,1.0,0.0,38.9,102,بيع - تسجيل مبدئى,Sell - Pre registration,II بلغرافيا هايتس,BELGRAVIA HEIGHTS II,2064.0,شقه سكنيه,Flat,60.0,وحدة,Unit,3,سكني,Residential,على الخارطة,Off-Plan Properties,0,,استوديو,Studio,1-102-2024-28549,مبايعات,Sales,1,2026-08-21T18:27:40.000Z,2024-05-03
1115516.0,441,البرشاء جنوب الرابعة,Al Barsha South Fourth,ستاكس,Stax,1,2026-03-12,قرية جميرا الدائرية,Jumeirah Village Circle,,15291.52,أكاديمية المدينة الرياضية للسباحة,Sports City Swimming Academy,مارينا مول,Marina Mall,مدينة دبي للإنترنت,Dubai Internet City,1.0,1.0,0.0,72.95,102,بيع - تسجيل مبدئى,Sell - Pre registration,استاكس,Stax,4013.0,شقه سكنيه,Flat,60.0,وحدة,Unit,3,سكني,Residential,على الخارطة,Off-Plan Properties,0,,غرفة,1 B/R,1-102-2026-24786,مبايعات,Sales,1,2026-08-21T18:27:40.000Z,2026-03-12
2606888.0,482,حدائق الشيخ محمد بن راشد,Hadaeq Sheikh Mohammed Bin Rashid,B روز هيل مبنى,Rosehill Block B,1,2025-08-19,دبي هيلز استيت,Dubai Hills Estate,,23100.47,,,,,,,1.0,1.0,0.0,112.85,102,بيع - تسجيل مبدئى,Sell - Pre registration,روزهيل,Rosehill,3834.0,شقه سكنيه,Flat,60.0,وحدة,Unit,3,سكني,Residential,على الخارطة,Off-Plan Properties,0,,غرفتين,2 B/R,1-102-2025-77263,مبايعات,Sales,1,2026-08-21T18:27:40.000Z,2025-08-19
1308669.0,482,حدائق الشيخ محمد بن راشد,Hadaeq Sheikh Mohammed Bin Rashid,إلفيرا 1,Elvira 1,1,2023-03-16,دبي هيلز استيت,Dubai Hills Estate,,20010.23,,,,,,,1.0,1.0,0.0,65.4,102,بيع - تسجيل مبدئى,Sell - Pre registration,الفيرا,Elvira,2536.0,شقه سكنيه,Flat,60.0,وحدة,Unit,3,سكني,Residential,على الخارطة,Off-Plan Properties,0,,غرفة,1 B/R,1-102-2023-13135,مبايعات,Sales,1,2026-08-21T18:27:40.000Z,2023-03-16
920000.0,526,الخليج التجارى,Business Bay,السفير تاور 1,SAFEER TOWER 1,1,2024-12-19,الخليج التجاري,Business Bay,,10309.28,وسط مدينة دبي,Downtown Dubai,مول دبي,Dubai Mall,محطة مترو الخليج التجاري,Business Bay Metro Station,6.0,2.0,0.0,89.24,11,بيع,Sell,سفير تاور 2,SAFEER TOWER 1,1546.0,شقه سكنيه,Flat,60.0,وحدة,Unit,3,سكني,Residential,العقارات القائمة,Existing Properties,1,,غرفة,1 B/R,1-11-2024-49248,مبايعات,Sales,1,2026-08-21T18:27:40.000Z,2024-12-19
1530000.0,441,البرشاء جنوب الرابعة,Al Barsha South Fourth,نورا ريسيدينس,Norah Residence,1,2026-05-20,قرية جميرا الدائرية,Jumeirah Village Circle,,15306.12,أكاديمية المدينة الرياضية للسباحة,Sports City Swimming Academy,مارينا مول,Marina Mall,محطة مترو النخيل,Nakheel Metro Station,1.0,1.0,0.0,99.96,102,بيع - تسجيل مبدئى,Sell - Pre registration,نورا ريزيدنس,Norah Residence,3754.0,شقه سكنيه,Flat,60.0,وحدة,Unit,3,سكني,Residential,على الخارطة,Off-Plan Properties,0,,غرفتين,2 B/R,1-102-2026-46634,مبايعات,Sales,1,2026-08-21T18:27:40.000Z,2026-05-20
4150000.0,482,حدائق الشيخ محمد بن راشد,Hadaeq Sheikh Mohammed Bin Rashid,إكزيكتيف رزيدنسز 2,EXECUTIVE RESIDENCES 2,1,2024-12-09,دبي هيلز استيت,Dubai Hills Estate,,28267.83,برج العرب,Burj Al Arab,مول الإمارات,Mall of the Emirates,محطة مترو بنك أبوظبي الأول,First Abu Dhabi Bank Metro Station,1.0,1.0,0.0,146.81,41,بيع مبدئى,Delayed Sell,بارك ريدج,PARK RIDGE,1937.0,شقه سكنيه,Flat,60.0,وحدة,Unit,3,سكني,Residential,العقارات القائمة,Existing Properties,1,,ثلاث غرف,3 B/R,1-41-2024-23838,مبايعات,Sales,1,2026-08-21T18:27:40.000Z,2024-12-09
2015000.0,526,الخليج التجارى,Business Bay,برج باسفيك,BURJ PACIFIC,1,2025-11-05,الخليج التجاري,Business Bay,,13993.06,وسط مدينة دبي,Downtown Dubai,مول دبي,Dubai Mall,محطة مترو بوج خليفة دبي مول,Buj Khalifa Dubai Mall Metro Station,1.0,3.0,0.0,144.0,102,بيع - تسجيل مبدئى,Sell - Pre registration,برج باسيفك,BURJ PACIFIC,266.0,شقه سكنيه,Flat,60.0,وحدة,Unit,3,سكني,Residential,على الخارطة,Off-Plan Properties,0,,غرفتين,2 B/R,1-102-2025-111097,مبايعات,Sales,1,2026-08-21T18:27:40.000Z,2025-11-05
700000.0,441,البرشاء جنوب الرابعة,Al Barsha South Fourth,بن غاطي عمبر,Binghatti Amber,1,2025-04-03,قرية جميرا الدائرية,Jumeirah Village Circle,,16548.46,أكاديمية المدينة الرياضية للسباحة,Sports City Swimming Academy,مول الإمارات,Mall of the Emirates,مدينة دبي للإنترنت,Dubai Internet City,1.0,1.0,0.0,42.3,11,بيع,Sell,بن غاطي عنبر,Binghatti Amber,2673.0,شقه سكنيه,Flat,60.0,وحدة,Unit,3,سكني,Residential,العقارات القائمة,Existing Properties,1,,استوديو,Studio,1-11-2025-13504,مبايعات,Sales,1,2026-08-21T18:27:40.000Z,2025-04-03
1798888.0,482,حدائق الشيخ محمد بن راشد,Hadaeq Sheikh Mohammed Bin Rashid,جرينسايد ريزيدنس - تاور اي,Greenside Residence - Tower A,1,2023-10-13,دبي هيلز استيت,Dubai Hills Estate,,25987.98,آي إم جي وورلد أدفينتشرز,IMG World Adventures,مول الإمارات,Mall of the Emirates,محطة مترو نور بنك,Noor Bank Metro Station,1.0,1.0,0.0,69.22,102,بيع - تسجيل مبدئى,Sell - Pre registration,جرينسايد ريزيدنس,Greenside Residence,2705.0,شقه سكنيه,Flat,60.0,وحدة,Unit,3,سكني,Residential,على الخارطة,Off-Plan Properties,0,,غرفة,1 B/R,1-102-2023-53724,مبايعات,Sales,1,2026-08-21T18:27:40.000Z,2023-10-13
2345888.0,482,حدائق الشيخ محمد بن راشد,Hadaeq Sheikh Mohammed Bin Rashid,بارك لين ? مبنى 2 بي,Park Lane ? Building 2B,1,2024-05-23,دبي هيلز استيت,Dubai Hills Estate,,22346.05,برج العرب,Burj Al Arab,مول الإمارات,Mall of the Emirates,محطة مترو بنك أبوظبي الأول,First Abu Dhabi Bank Metro Station,1.0,2.0,0.0,104.98,102,بيع - تسجيل مبدئى,Sell - Pre registration,بارك لين,Park Lane,2775.0,شقه سكنيه,Flat,60.0,وحدة,Unit,3,سكني,Residential,على الخارطة,Off-Plan Properties,0,,غرفتين,2 B/R,1-102-2024-34974,مبايعات,Sales,1,2026-08-21T18:27:40.000Z,2024-05-23
2300888.0,482,حدائق الشيخ محمد بن راشد,Hadaeq Sheikh Mohammed Bin Rashid,باركسا?د ??لز,Parkside Hills,1,2024-05-03,دبي هيلز استيت,Dubai Hills Estate,,23208.47,,,,,,,1.0,1.0,0.0,99.14,102,بيع - تسجيل مبدئى,Sell - Pre registration,باركسايد هيلز,Parkside Hills,2741.0,شقه سكنيه,Flat,60.0,وحدة,Unit,3,سكني,Residential,على الخارطة,Off-Plan Properties,0,,غرفتين,2 B/R,1-102-2024-28361,مبايعات,Sales,1,2026-08-21T18:27:40.000Z,2024-05-03
4600000.0,441,البرشاء جنوب الرابعة,Al Barsha South Fourth,,,0,2025-03-24,قرية جميرا الدائرية,Jumeirah Village Circle,,20650.95,أكاديمية المدينة الرياضية للسباحة,Sports City Swimming Academy,مول الإمارات,Mall of the Emirates,مدينة دبي للإنترنت,Dubai Internet City,2.0,1.0,0.0,222.75,102,بيع - تسجيل مبدئى,Sell - Pre registration,لو بارك هومز ?,Le Parc Homes II,2682.0,فيلا,Villa,4.0,فيلا,Villa,4,سكني,Residential,على الخارطة,Off-Plan Properties,0,,أربع غرف,4 B/R,1-102-2025-24297,مبايعات,Sales,1,2026-08-21T18:27:40.000Z,2025-03-24
1330000.0,441,البرشاء جنوب الرابعة,Al Barsha South Fourth,شيماء أفينيو  2,Chaimaa Avenue 2,1,2023-04-14,قرية جميرا الدائرية,Jumeirah Village Circle,,11572.26,أكاديمية المدينة الرياضية للسباحة,Sports City Swimming Academy,مارينا مول,Marina Mall,مدينة دبي للإنترنت,Dubai Internet City,1.0,1.0,0.0,114.93,41,بيع مبدئى,Delayed Sell,شيماء افنيو2,Chaimaa Avenue 2,2275.0,شقه سكنيه,Flat,60.0,وحدة,Unit,3,سكني,Residential,العقارات القائمة,Existing Properties,1,,غرفتين,2 B/R,1-41-2023-7350,مبايعات,Sales,1,2026-08-21T18:27:40.000Z,2023-04-14
745505.0,441,البرشاء جنوب الرابعة,Al Barsha South Fourth,أفانا ريزيدنسز باي ديكا ريال استيت ديفيلوبمينت,Avana Residences by DECA Real Estate Development,1,2026-03-06,قرية جميرا الدائرية,Jumeirah Village Circle,,20335.65,أكاديمية المدينة الرياضية للسباحة,Sports City Swimming Academy,مول الإمارات,Mall of the Emirates,مدينة دبي للإنترنت,Dubai Internet City,1.0,1.0,0.0,36.66,102,بيع - تسجيل مبدئى,Sell - Pre registration,افانا ريزيدنسز من ديكا للتطوير العقاري,Avana Residences by DECA Real Estate Development,3790.0,شقه سكنيه,Flat,60.0,وحدة,Unit,3,سكني,Residential,على الخارطة,Off-Plan Properties,0,,استوديو,Studio,1-102-2026-22998,مبايعات,Sales,1,2026-08-21T18:27:40.000Z,2026-03-06
1254999.0,526,الخليج التجارى,Business Bay,بن غاطي اكوارايز - تاور بي,Binghatti Aquarise - TOWER B,1,2025-09-17,الخليج التجاري,Business Bay,,28679.14,وسط مدينة دبي,Downtown Dubai,مول دبي,Dubai Mall,محطة مترو الخليج التجاري,Business Bay Metro Station,1.0,1.0,0.0,43.76,102,بيع - تسجيل مبدئى,Sell - Pre registration,بن غاطي أكوا رايز,Binghatti Aquarise,3585.0,شقه سكنيه,Flat,60.0,وحدة,Unit,3,سكني,Residential,على الخارطة,Off-Plan Properties,0,,استوديو,Studio,1-102-2025-89546,مبايعات,Sales,1,2026-08-21T18:27:40.000Z,2025-09-17
3528546.0,526,الخليج التجارى,Business Bay,داون تاون ريزيدنسز,DOWNTOWN RESIDENCES,1,2026-01-27,,,,28439.96,,,,,,,1.0,1.0,0.0,124.07,102,بيع - تسجيل مبدئى,Sell - Pre registration,داون تاون ريزيدنسيس,Downtown Residences,3777.0,شقه سكنيه,Flat,60.0,وحدة,Unit,3,سكني,Residential,على الخارطة,Off-Plan Properties,0,,غرفتين,2 B/R,1-102-2026-8959,مبايعات,Sales,1,2026-08-21T18:27:40.000Z,2026-01-27
703177.0,441,البرشاء جنوب الرابعة,Al Barsha South Fourth,ذا ايست كريست باي ميتيورا,THE EAST CREST BY METEORA,1,2023-11-23,قرية جميرا الدائرية,Jumeirah Village Circle,,12306.21,أكاديمية المدينة الرياضية للسباحة,Sports City Swimming Academy,مول الإمارات,Mall of the Emirates,مدينة دبي للإنترنت,Dubai Internet City,1.0,2.0,0.0,57.14,102,بيع - تسجيل مبدئى,Sell - Pre registration,ذا ايست كريست بواسطة ميتيورا,THE EAST CREST BY METEORA,2558.0,شقه سكنيه,Flat,60.0,وحدة,Unit,3,سكني,Residential,على الخارطة,Off-Plan Properties,0,,غرفة,1 B/R,1-102-2023-61952,مبايعات,Sales,1,2026-08-21T18:27:40.000Z,2023-11-23
1180000.0,330,مرسى دبي,Marsa Dubai,سباركل تاور 2,Sparkle Tower 2,1,2024-05-29,دبي مارينا,Dubai Marina,,30785.29,برج العرب,Burj Al Arab,مارينا مول,Marina Mall,مساكن شاطئ جميرا,Jumeirah Beach Residency,1.0,1.0,0.0,38.33,11,بيع,Sell,أبراج سباركل,SPARKLE TOWERS,1551.0,شقه سكنيه,Flat,60.0,وحدة,Unit,3,سكني,Residential,العقارات القائمة,Existing Properties,1,,استوديو,Studio,1-11-2024-19153,مبايعات,Sales,1,2026-08-21T18:27:40.000Z,2024-05-29
1134397.0,441,البرشاء جنوب الرابعة,Al Barsha South Fourth,رين ريزيدنس,RA1N Residence,1,2026-02-26,قرية جميرا الدائرية,Jumeirah Village Circle,,17631.29,أكاديمية المدينة الرياضية للسباحة,Sports City Swimming Academy,مول الإمارات,Mall of the Emirates,مدينة دبي للإنترنت,Dubai Internet City,1.0,1.0,0.0,64.34,102,بيع - تسجيل مبدئى,Sell - Pre registration,رأ1 ن  سكن,RA1N Residence,2635.0,شقه سكنيه,Flat,60.0,وحدة,Unit,3,سكني,Residential,على الخارطة,Off-Plan Properties,0,,غرفة,1 B/R,1-102-2026-21082,مبايعات,Sales,1,2026-08-21T18:27:40.000Z,2026-02-26
5500000.0,330,مرسى دبي,Marsa Dubai,MARINA HOMES,MARINA HOMES,1,2023-11-23,دبي مارينا,Dubai Marina,,19265.12,برج العرب,Burj Al Arab,مارينا مول,Marina Mall,مساكن شاطئ جميرا,Jumeirah Beach Residency,1.0,1.0,0.0,285.49,11,بيع,Sell,,,,شقه سكنيه,Flat,60.0,وحدة,Unit,3,سكني,Residential,العقارات القائمة,Existing Properties,1,,ثلاث غرف,3 B/R,1-11-2023-38482,مبايعات,Sales,1,2026-08-21T18:27:40.000Z,2023-11-23
1655888.0,482,حدائق الشيخ محمد بن راشد,Hadaeq Sheikh Mohammed Bin Rashid,B روز هيل مبنى,Rosehill Block B,1,2025-08-13,دبي هيلز استيت,Dubai Hills Estate,,23925.56,,,,,,,1.0,1.0,0.0,69.21,102,بيع - تسجيل مبدئى,Sell - Pre registration,روزهيل,Rosehill,3834.0,شقه سكنيه,Flat,60.0,وحدة,Unit,3,سكني,Residential,على الخارطة,Off-Plan Properties,0,,غرفة,1 B/R,1-102-2025-74473,مبايعات,Sales,1,2026-08-21T18:27:40.000Z,2025-08-13
1300000.0,441,البرشاء جنوب الرابعة,Al Barsha South Fourth,فيلا بيرا,VILLA PERA,1,2024-07-16,قرية جميرا الدائرية,Jumeirah Village Circle,,7184.7,أكاديمية المدينة الرياضية للسباحة,Sports City Swimming Academy,مارينا مول,Marina Mall,محطة مترو النخيل,Nakheel Metro Station,1.0,2.0,0.0,180.94,11,بيع,Sell,فيلا بيرا,VILLA PERA,723.0,شقه سكنيه,Flat,60.0,وحدة,Unit,3,سكني,Residential,العقارات القائمة,Existing Properties,1,,غرفتين,2 B/R,1-11-2024-26180,مبايعات,Sales,1,2026-08-21T18:27:40.000Z,2024-07-16
1600000.0,441,البرشاء جنوب الرابعة,Al Barsha South Fourth,بن غاطي رويال,Binghatti Royale,1,2026-05-06,قرية جميرا الدائرية,Jumeirah Village Circle,,21350.41,أكاديمية المدينة الرياضية للسباحة,Sports City Swimming Academy,مارينا مول,Marina Mall,محطة مترو النخيل,Nakheel Metro Station,1.0,2.0,0.0,74.94,11,بيع,Sell,بن غاطي رويال,Binghatti Royale,2961.0,شقه سكنيه,Flat,60.0,وحدة,Unit,3,سكني,Residential,العقارات القائمة,Existing Properties,1,,غرفة,1 B/R,1-11-2026-15377,مبايعات,Sales,1,2026-08-21T18:27:40.000Z,2026-05-06
1077338.0,442,البرشاء جنوب الخامسة,Al Barsha South Fifth,A- ريد سكوير,Red Square -A,1,2025-06-20,قرية جميرا المثلثة,Jumeirah Village Triangle,,18514.14,أكاديمية المدينة الرياضية للسباحة,Sports City Swimming Academy,مارينا مول,Marina Mall,عقارات داماك,Damac Properties,1.0,1.0,0.0,58.19,102,بيع - تسجيل مبدئى,Sell - Pre registration,ريد سكوير,RED SQUARE,2789.0,شقه سكنيه,Flat,60.0,وحدة,Unit,3,سكني,Residential,على الخارطة,Off-Plan Properties,0,,غرفة,1 B/R,1-102-2025-53347,مبايعات,Sales,1,2026-08-21T18:27:40.000Z,2025-06-20
430486.0,441,البرشاء جنوب الرابعة,Al Barsha South Fourth,أى بى كافالير,AB CAVALIER,1,2026-02-19,قرية جميرا الدائرية,Jumeirah Village Circle,,10479.21,أكاديمية المدينة الرياضية للسباحة,Sports City Swimming Academy,مول الإمارات,Mall of the Emirates,مدينة دبي للإنترنت,Dubai Internet City,1.0,1.0,0.0,41.08,102,بيع - تسجيل مبدئى,Sell - Pre registration,أب كافالير,AB CAVALIER,2708.0,شقه سكنيه,Flat,60.0,وحدة,Unit,3,سكني,Residential,على الخارطة,Off-Plan Properties,0,,استوديو,Studio,1-102-2026-18532,مبايعات,Sales,1,2026-08-21T18:27:40.000Z,2026-02-19
1200000.0,441,البرشاء جنوب الرابعة,Al Barsha South Fourth,بن غاطي غروف,Binghatti Grove,1,2025-03-24,قرية جميرا الدائرية,Jumeirah Village Circle,,16304.35,أكاديمية المدينة الرياضية للسباحة,Sports City Swimming Academy,مول الإمارات,Mall of the Emirates,مدينة دبي للإنترنت,Dubai Internet City,1.0,1.0,0.0,73.6,102,بيع - تسجيل مبدئى,Sell - Pre registration,بن غاطي جروف,Binghatti Grove,3314.0,شقه سكنيه,Flat,60.0,وحدة,Unit,3,سكني,Residential,على الخارطة,Off-Plan Properties,0,,غرفة,1 B/R,1-102-2025-23998,مبايعات,Sales,1,2026-08-21T18:27:40.000Z,2025-03-24
3478860.0,526,الخليج التجارى,Business Bay,بايز 102 من دانوب,Bayz 102 By Danube,1,2025-09-11,,,,30726.55,,,,,,,1.0,2.0,0.0,113.22,102,بيع - تسجيل مبدئى,Sell - Pre registration,بايز 102 من دانوب,Bayz 102 By Danube,3125.0,شقه سكنيه,Flat,60.0,وحدة,Unit,3,سكني,Residential,على الخارطة,Off-Plan Properties,0,,غرفتين,2 B/R,1-102-2025-86713,مبايعات,Sales,1,2026-08-21T18:27:40.000Z,2025-09-11
1625000.0,390,برج خليفة,Burj Khalifa,ساوث ريدج 5,South Ridge 5,1,2024-02-22,داون تاون دبي,DownTown Dubai,,18747.12,وسط مدينة دبي,Downtown Dubai,مول دبي,Dubai Mall,محطة مترو بوج خليفة دبي مول,Buj Khalifa Dubai Mall Metro Station,1.0,1.0,0.0,86.68,11,بيع,Sell,,,,شقه سكنيه,Flat,60.0,وحدة,Unit,3,سكني,Residential,العقارات القائمة,Existing Properties,1,,غرفة,1 B/R,1-11-2024-6349,مبايعات,Sales,1,2026-08-21T18:27:40.000Z,2024-02-22
3300000.0,410,نخلة جميرا,Palm Jumeirah,البصري,Al Basri,1,2024-07-23,نخلة جميرا,Palm Jumeirah,,22442.87,برج العرب,Burj Al Arab,مارينا مول,Marina Mall,نخلة جميرا,Palm Jumeirah,1.0,1.0,0.0,147.04,11,بيع,Sell,,,,شقه سكنيه,Flat,60.0,وحدة,Unit,3,سكني,Residential,العقارات القائمة,Existing Properties,1,,غرفتين,2 B/R,1-11-2024-27195,مبايعات,Sales,1,2026-08-21T18:27:40.000Z,2024-07-23
3708800.0,410,نخلة جميرا,Palm Jumeirah,بالم بيتش تاورز - 3,PALM BEACH TOWERS- 3,1,2026-07-27,نخلة جميرا,Palm Jumeirah,,34185.64,برج العرب,Burj Al Arab,مارينا مول,Marina Mall,نخلة جميرا,Palm Jumeirah,2.0,1.0,0.0,108.49,102,بيع - تسجيل مبدئى,Sell - Pre registration,بالم بيتش تاورز - 3,Palm Beach Towers -3,2449.0,شقه سكنيه,Flat,60.0,وحدة,Unit,3,سكني,Residential,على الخارطة,Off-Plan Properties,0,,غرفة,1 B/R,1-102-2026-65253,مبايعات,Sales,1,2026-08-21T18:27:40.000Z,2026-07-27
1735000.0,526,الخليج التجارى,Business Bay,ايست هايتس 3,EAST HEIGHTS 3,1,2025-07-01,الخليج التجاري,Business Bay,,13251.36,برج خليفة,Burj Khalifa,مول دبي,Dubai Mall,محطة مترو الخليج التجاري,Business Bay Metro Station,1.0,1.0,0.0,130.93,11,بيع,Sell,,,,شقه سكنيه,Flat,60.0,وحدة,Unit,3,سكني,Residential,العقارات القائمة,Existing Properties,1,,غرفتين,2 B/R,1-11-2025-27295,مبايعات,Sales,1,2026-08-21T18:27:40.000Z,2025-07-01
1275000.0,390,برج خليفة,Burj Khalifa,وان ريزيدنس,One Residence,1,2024-09-19,داون تاون دبي,DownTown Dubai,,29229.71,وسط مدينة دبي,Downtown Dubai,مول دبي,Dubai Mall,محطة مترو بوج خليفة دبي مول,Buj Khalifa Dubai Mall Metro Station,1.0,2.0,0.0,43.62,102,بيع - تسجيل مبدئى,Sell - Pre registration,وان ريزيدنس,One Residence,3150.0,شقه سكنيه,Flat,60.0,وحدة,Unit,3,سكني,Residential,على الخارطة,Off-Plan Properties,0,,استوديو,Studio,1-102-2024-73544,مبايعات,Sales,1,2026-08-21T18:27:40.000Z,2024-09-19
1020777.0,482,حدائق الشيخ محمد بن راشد,Hadaeq Sheikh Mohammed Bin Rashid,سوشيو تووير 1,Socio Tower 1,1,2023-11-22,دبي هيلز استيت,Dubai Hills Estate,,22608.57,برج العرب,Burj Al Arab,مول الإمارات,Mall of the Emirates,محطة مترو بنك أبوظبي الأول,First Abu Dhabi Bank Metro Station,1.0,1.0,0.0,45.15,41,بيع مبدئى,Delayed Sell,سوشيو,Socio,2028.0,شقه سكنيه,Flat,60.0,وحدة,Unit,3,سكني,Residential,العقارات القائمة,Existing Properties,1,,غرفة,1 B/R,1-41-2023-23167,مبايعات,Sales,1,2026-08-21T18:27:40.000Z,2023-11-22
1250000.0,441,البرشاء جنوب الرابعة,Al Barsha South Fourth,بن غاطي رويال,Binghatti Royale,1,2024-11-14,قرية جميرا الدائرية,Jumeirah Village Circle,,16673.34,أكاديمية المدينة الرياضية للسباحة,Sports City Swimming Academy,مارينا مول,Marina Mall,محطة مترو النخيل,Nakheel Metro Station,1.0,1.0,0.0,74.97,102,بيع - تسجيل مبدئى,Sell - Pre registration,بن غاطي رويال,Binghatti Royale,2961.0,شقه سكنيه,Flat,60.0,وحدة,Unit,3,سكني,Residential,على الخارطة,Off-Plan Properties,0,,غرفة,1 B/R,1-102-2024-96218,مبايعات,Sales,1,2026-08-21T18:27:40.000Z,2024-11-14
1720000.0,526,الخليج التجارى,Business Bay,تيراسيز مراسي درايف,Terraces Marasi Drive,1,2024-01-17,الخليج التجاري,Business Bay,,14302.34,وسط مدينة دبي,Downtown Dubai,مول دبي,Dubai Mall,محطة مترو بوج خليفة دبي مول,Buj Khalifa Dubai Mall Metro Station,1.0,1.0,0.0,120.26,102,بيع - تسجيل مبدئى,Sell - Pre registration,تيراسيس مراسي درايف,TERRACES MARASI DRIVE,2568.0,شقه سكنيه,Flat,60.0,وحدة,Unit,3,سكني,Residential,على الخارطة,Off-Plan Properties,0,,غرفة,1 B/R,1-102-2024-4,مبايعات,Sales,1,2026-08-21T18:27:40.000Z,2024-01-17
2250000.0,330,مرسى دبي,Marsa Dubai,دبي مارينا مول هوتيل,Dubai Marina Mall Hotel,0,2024-11-11,دبي مارينا,Dubai Marina,,27522.94,برج العرب,Burj Al Arab,مارينا مول,Marina Mall,محطة مترو مارينا مول,Marina Mall Metro Station,1.0,1.0,0.0,81.75,11,بيع,Sell,دبي مارينا مول,DUBAI MARINA MALL,1460.0,شقه سكنيه,Flat,60.0,وحدة,Unit,3,سكني,Residential,العقارات القائمة,Existing Properties,1,,غرفة,1 B/R,1-11-2024-43330,مبايعات,Sales,1,2026-08-21T18:27:40.000Z,2024-11-11
710097.0,441,البرشاء جنوب الرابعة,Al Barsha South Fourth,ألورا  ريسدنس باي سيتي ديفيلوبرز,Allura Residences by Citi Developers,1,2025-04-24,قرية جميرا الدائرية,Jumeirah Village Circle,,16850.9,أكاديمية المدينة الرياضية للسباحة,Sports City Swimming Academy,مول الإمارات,Mall of the Emirates,مدينة دبي للإنترنت,Dubai Internet City,1.0,1.0,0.0,42.14,102,بيع - تسجيل مبدئى,Sell - Pre registration,ألورا ريزيدنس من سيتي ديفيلوبرز,Allura Residences by Citi Developers,3289.0,شقه سكنيه,Flat,60.0,وحدة,Unit,3,سكني,Residential,على الخارطة,Off-Plan Properties,0,,استوديو,Studio,1-102-2025-32903,مبايعات,Sales,1,2026-08-21T18:27:40.000Z,2025-04-24
1780000.0,441,البرشاء جنوب الرابعة,Al Barsha South Fourth,إليتز 3 من دانوب - 2,Elitz 3 By Danube - 2,1,2024-04-03,قرية جميرا الدائرية,Jumeirah Village Circle,,14865.54,أكاديمية المدينة الرياضية للسباحة,Sports City Swimming Academy,مارينا مول,Marina Mall,محطة مترو النخيل,Nakheel Metro Station,1.0,1.0,0.0,119.74,102,بيع - تسجيل مبدئى,Sell - Pre registration,إليتز3 من دانوب,Elitz 3 By Danube,2722.0,شقه سكنيه,Flat,60.0,وحدة,Unit,3,سكني,Residential,على الخارطة,Off-Plan Properties,0,,غرفتين,2 B/R,1-102-2024-21056,مبايعات,Sales,1,2026-08-21T18:27:40.000Z,2024-04-03
4150000.0,390,برج خليفة,Burj Khalifa,ميسكا 3,MISKA 3,1,2024-11-11,داون تاون دبي,DownTown Dubai,,16931.86,وسط مدينة دبي,Downtown Dubai,مول دبي,Dubai Mall,محطة مترو بوج خليفة دبي مول,Buj Khalifa Dubai Mall Metro Station,1.0,1.0,0.0,245.1,11,بيع,Sell,,,,شقه سكنيه,Flat,60.0,وحدة,Unit,3,سكني,Residential,العقارات القائمة,Existing Properties,1,,غرفتين,2 B/R,1-11-2024-43349,مبايعات,Sales,1,2026-08-21T18:27:40.000Z,2024-11-11
4168401.0,526,الخليج التجارى,Business Bay,برج تايجر سكاي,TIGER SKY TOWER,1,2024-12-25,الخليج التجاري,Business Bay,,30461.87,وسط مدينة دبي,Downtown Dubai,مول دبي,Dubai Mall,محطة مترو بوج خليفة دبي مول,Buj Khalifa Dubai Mall Metro Station,1.0,1.0,0.0,136.84,102,بيع - تسجيل مبدئى,Sell - Pre registration,برج تايجر سكاي,Tiger Sky Tower,2579.0,شقه سكنيه,Flat,60.0,وحدة,Unit,3,سكني,Residential,على الخارطة,Off-Plan Properties,0,,غرفتين,2 B/R,1-102-2024-107870,مبايعات,Sales,1,2026-08-21T18:27:40.000Z,2024-12-25
2070000.0,482,حدائق الشيخ محمد بن راشد,Hadaeq Sheikh Mohammed Bin Rashid,إلفيرا 2,Elvira 2,1,2024-09-10,دبي هيلز استيت,Dubai Hills Estate,,20949.3,,,,,,,1.0,1.0,0.0,98.81,102,بيع - تسجيل مبدئى,Sell - Pre registration,الفيرا,Elvira,2536.0,شقه سكنيه,Flat,60.0,وحدة,Unit,3,سكني,Residential,على الخارطة,Off-Plan Properties,0,,غرفتين,2 B/R,1-102-2024-70188,مبايعات,Sales,1,2026-08-21T18:27:40.000Z,2024-09-10
740027.0,441,البرشاء جنوب الرابعة,Al Barsha South Fourth,أشتون بارك ر?ز?دنسز ? الثاني,Ashton Park Residences - The Second,1,2024-10-24,قرية جميرا الدائرية,Jumeirah Village Circle,,20676.92,أكاديمية المدينة الرياضية للسباحة,Sports City Swimming Academy,مارينا مول,Marina Mall,محطة مترو النخيل,Nakheel Metro Station,1.0,1.0,0.0,35.79,102,بيع - تسجيل مبدئى,Sell - Pre registration,أشتون بارك ريزيدنسز الثاني,Ashton Park Residences The Second,3263.0,شقه سكنيه,Flat,60.0,وحدة,Unit,3,سكني,Residential,على الخارطة,Off-Plan Properties,0,,استوديو,Studio,1-102-2024-89617,مبايعات,Sales,1,2026-08-21T18:27:40.000Z,2024-10-24
2250000.0,482,حدائق الشيخ محمد بن راشد,Hadaeq Sheikh Mohammed Bin Rashid,ذا بينكال,The Pinnacle,1,2024-06-20,دبي هيلز استيت,Dubai Hills Estate,,19296.74,قرية عالمية,Global Village,مول الإمارات,Mall of the Emirates,محطة مترو بنك أبوظبي الأول,First Abu Dhabi Bank Metro Station,1.0,1.0,0.0,116.6,11,بيع,Sell,,,,شقه سكنيه,Flat,60.0,وحدة,Unit,3,سكني,Residential,العقارات القائمة,Existing Properties,1,,غرفتين,2 B/R,1-11-2024-22488,مبايعات,Sales,1,2026-08-21T18:27:40.000Z,2024-06-20
1750000.0,526,الخليج التجارى,Business Bay,ريغاليا,Regalia,1,2023-06-13,الخليج التجاري,Business Bay,,15965.7,وسط مدينة دبي,Downtown Dubai,مول دبي,Dubai Mall,محطة مترو بوج خليفة دبي مول,Buj Khalifa Dubai Mall Metro Station,1.0,1.0,0.0,109.61,102,بيع - تسجيل مبدئى,Sell - Pre registration,ريغاليا,Regalia,2270.0,شقه سكنيه,Flat,60.0,وحدة,Unit,3,سكني,Residential,على الخارطة,Off-Plan Properties,0,,غرفتين,2 B/R,1-102-2023-28342,مبايعات,Sales,1,2026-08-21T18:27:40.000Z,2023-06-13
1366730.0,441,البرشاء جنوب الرابعة,Al Barsha South Fourth,لوما بارك فيوز,LUMA PARK VIEWS,1,2026-01-26,قرية جميرا الدائرية,Jumeirah Village Circle,,17324.5,أكاديمية المدينة الرياضية للسباحة,Sports City Swimming Academy,مارينا مول,Marina Mall,محطة مترو النخيل,Nakheel Metro Station,1.0,1.0,0.0,78.89,11,بيع,Sell,لوما بارك فيوز,Luma Park Views,2676.0,شقه سكنيه,Flat,60.0,وحدة,Unit,3,سكني,Residential,العقارات القائمة,Existing Properties,1,,غرفة,1 B/R,1-11-2026-3351,مبايعات,Sales,1,2026-08-21T18:27:40.000Z,2026-01-26
3500000.0,330,مرسى دبي,Marsa Dubai,بارك ايلاند فيرفيلد,Park Island Fairfield,1,2025-10-06,دبي مارينا,Dubai Marina,,25454.55,برج العرب,Burj Al Arab,مارينا مول,Marina Mall,مساكن شاطئ الجميرا,Jumeirah Beach Resdency,1.0,1.0,0.0,137.5,11,بيع,Sell,جزر المتنزه,PARK ISLANDS,1458.0,شقه سكنيه,Flat,60.0,وحدة,Unit,3,سكني,Residential,العقارات القائمة,Existing Properties,1,,غرفتين,2 B/R,1-11-2025-41316,مبايعات,Sales,1,2026-08-21T18:27:40.000Z,2025-10-06
1045888.0,526,الخليج التجارى,Business Bay,رو? منازل مراسي دراي?,Rove Home Marasi Drive,1,2024-09-02,الخليج التجاري,Business Bay,,33586.64,وسط مدينة دبي,Downtown Dubai,مول دبي,Dubai Mall,محطة مترو الخليج التجاري,Business Bay Metro Station,1.0,1.0,0.0,31.14,102,بيع - تسجيل مبدئى,Sell - Pre registration,روف منازل مراسي درايف,Rove Home Marasi Drive,2966.0,شقه سكنيه,Flat,60.0,وحدة,Unit,3,سكني,Residential,على الخارطة,Off-Plan Properties,0,,استوديو,Studio,1-102-2024-66928,مبايعات,Sales,1,2026-08-21T18:27:40.000Z,2024-09-02
2950000.0,390,برج خليفة,Burj Khalifa,فورته T1,Forte T1,1,2025-11-14,داون تاون دبي,DownTown Dubai,,28961.32,برج خليفة,Burj Khalifa,مول دبي,Dubai Mall,محطة مترو بوج خليفة دبي مول,Buj Khalifa Dubai Mall Metro Station,1.0,1.0,0.0,101.86,11,بيع,Sell,فورتي,FORTE,1660.0,شقه سكنيه,Flat,60.0,وحدة,Unit,3,سكني,Residential,العقارات القائمة,Existing Properties,1,,غرفتين,2 B/R,1-11-2025-47811,مبايعات,Sales,1,2026-08-21T18:27:40.000Z,2025-11-14
2020000.0,526,الخليج التجارى,Business Bay,بينيسولا فور,Peninsula Four,1,2025-08-01,الخليج التجاري,Business Bay,,26128.57,وسط مدينة دبي,Downtown Dubai,مول دبي,Dubai Mall,محطة مترو الخليج التجاري,Business Bay Metro Station,1.0,1.0,0.0,77.31,102,بيع - تسجيل مبدئى,Sell - Pre registration,بينينسولا فور,Peninsula Four,2461.0,شقه سكنيه,Flat,60.0,وحدة,Unit,3,سكني,Residential,على الخارطة,Off-Plan Properties,0,,غرفة,1 B/R,1-102-2025-69830,مبايعات,Sales,1,2026-08-21T18:27:40.000Z,2025-08-01
2400852.0,330,مرسى دبي,Marsa Dubai,فرانك مولر فانغارد,Franck Muller Vanguard,1,2025-02-19,تيكوم سايت د,TECOM Site D,,27146.68,برج العرب,Burj Al Arab,مارينا مول,Marina Mall,ابراج مارينا,Marina Towers,1.0,2.0,0.0,88.44,102,بيع - تسجيل مبدئى,Sell - Pre registration,فرانك مولر فانغارد,Franck muller Vanguard,3202.0,شقه سكنيه,Flat,60.0,وحدة,Unit,3,سكني,Residential,على الخارطة,Off-Plan Properties,0,,غرفة,1 B/R,1-102-2025-13467,مبايعات,Sales,1,2026-08-21T18:27:40.000Z,2025-02-19
3650000.0,482,حدائق الشيخ محمد بن راشد,Hadaeq Sheikh Mohammed Bin Rashid,,,0,2025-03-14,حدائق الشيخ محمد بن راشد - ديستركت 7,HADAEQ SHEIKH MOHAMMED BIN RASHID - DISRICT 7,,27815.88,وسط مدينة دبي,Downtown Dubai,مول دبي,Dubai Mall,محطة مترو نور بنك,Noor Bank Metro Station,1.0,1.0,0.0,131.22,41,بيع مبدئى,Delayed Sell,ماج آي المرحلة 1,MAG EYE Phase 1,2033.0,فيلا,Villa,4.0,فيلا,Villa,4,سكني,Residential,العقارات القائمة,Existing Properties,1,,ثلاث غرف,3 B/R,1-41-2025-8827,مبايعات,Sales,1,2026-08-21T18:27:40.000Z,2025-03-14
1000000.0,330,مرسى دبي,Marsa Dubai,برج سلفرين بي,Silverene Towers B,1,2023-01-13,دبي مارينا,Dubai Marina,,17879.49,برج العرب,Burj Al Arab,مارينا مول,Marina Mall,أبراج بحيرات جميرا,Jumeirah Lakes Towers,1.0,1.0,0.0,55.93,11,بيع,Sell,سلفرين,SILVERENE,129.0,شقه سكنيه,Flat,60.0,وحدة,Unit,3,سكني,Residential,العقارات القائمة,Existing Properties,1,,غرفة,1 B/R,1-11-2023-1154,مبايعات,Sales,1,2026-08-21T18:27:40.000Z,2023-01-13
1710000.0,482,حدائق الشيخ محمد بن راشد,Hadaeq Sheikh Mohammed Bin Rashid,باركسايد فيوز,Parkside Views,1,2025-11-24,دبي هيلز استيت,Dubai Hills Estate,,26150.79,,,,,,,2.0,1.0,0.0,65.39,102,بيع - تسجيل مبدئى,Sell - Pre registration,باركسايد فيوز,Parkside Views,2728.0,شقه سكنيه,Flat,60.0,وحدة,Unit,3,سكني,Residential,على الخارطة,Off-Plan Properties,0,,غرفة,1 B/R,1-102-2025-120205,مبايعات,Sales,1,2026-08-21T18:27:40.000Z,2025-11-24
911000.0,442,البرشاء جنوب الخامسة,Al Barsha South Fifth,فاشنز 1 من دانوب,Fashionz 1 By Danube,1,2025-09-15,قرية جميرا المثلثة,Jumeirah Village Triangle,,21415.14,أكاديمية المدينة الرياضية للسباحة,Sports City Swimming Academy,مارينا مول,Marina Mall,عقارات داماك,Damac Properties,2.0,1.0,0.0,42.54,102,بيع - تسجيل مبدئى,Sell - Pre registration,فاشنز1 من دانوب,Fashionz 1 By Danube,2640.0,شقه سكنيه,Flat,60.0,وحدة,Unit,3,سكني,Residential,على الخارطة,Off-Plan Properties,0,,استوديو,Studio,1-102-2025-88005,مبايعات,Sales,1,2026-08-21T18:27:40.000Z,2025-09-15
1800000.0,442,البرشاء جنوب الخامسة,Al Barsha South Fifth,سكن 03 من تصميم ند الغرير,03 Residence by Ned Al Ghurair,1,2025-07-08,قرية جميرا المثلثة,Jumeirah Village Triangle,,15084.22,أكاديمية المدينة الرياضية للسباحة,Sports City Swimming Academy,ابن بطوطة مول,Ibn-e-Battuta Mall,برج هاربور,Harbour Tower,1.0,1.0,0.0,119.33,11,بيع,Sell,,,,شقه سكنيه,Flat,60.0,وحدة,Unit,3,سكني,Residential,العقارات القائمة,Existing Properties,1,,غرفتين,2 B/R,1-11-2025-28588,مبايعات,Sales,1,2026-08-21T18:27:40.000Z,2025-07-08
3000000.0,441,البرشاء جنوب الرابعة,Al Barsha South Fourth,,,0,2025-02-13,قرية جميرا الدائرية,Jumeirah Village Circle,,12764.33,أكاديمية المدينة الرياضية للسباحة,Sports City Swimming Academy,مول الإمارات,Mall of the Emirates,مدينة دبي للإنترنت,Dubai Internet City,2.0,1.0,0.0,235.03,11,بيع,Sell,ارانتيس,ERANTIS,344.0,فيلا,Villa,4.0,فيلا,Villa,4,سكني,Residential,العقارات القائمة,Existing Properties,1,,ثلاث غرف,3 B/R,1-11-2025-5544,مبايعات,Sales,1,2026-08-21T18:27:40.000Z,2025-02-13
630000.0,441,البرشاء جنوب الرابعة,Al Barsha South Fourth,مي ريزيدنس تاور 2,May Residence Tower 2,1,2023-09-26,قرية جميرا الدائرية,Jumeirah Village Circle,,7694.19,أكاديمية المدينة الرياضية للسباحة,Sports City Swimming Academy,مول الإمارات,Mall of the Emirates,مدينة دبي للإنترنت,Dubai Internet City,1.0,1.0,0.0,81.88,11,بيع,Sell,ماي ريزيدنس,MAY RESIDENCE,1692.0,شقه سكنيه,Flat,60.0,وحدة,Unit,3,سكني,Residential,العقارات القائمة,Existing Properties,1,,غرفة,1 B/R,1-11-2023-30837,مبايعات,Sales,1,2026-08-21T18:27:40.000Z,2023-09-26
1080000.0,441,البرشاء جنوب الرابعة,Al Barsha South Fourth,أوكيارد ريزيدنسز,Oakyard Residences,1,2026-07-29,قرية جميرا الدائرية,Jumeirah Village Circle,,15782.55,أكاديمية المدينة الرياضية للسباحة,Sports City Swimming Academy,مول الإمارات,Mall of the Emirates,مدينة دبي للإنترنت,Dubai Internet City,1.0,1.0,0.0,68.43,102,بيع - تسجيل مبدئى,Sell - Pre registration,اوكيارد رزيدنسز,Oakyard Residences,3473.0,شقه سكنيه,Flat,60.0,وحدة,Unit,3,سكني,Residential,على الخارطة,Off-Plan Properties,0,,غرفة,1 B/R,1-102-2026-66720,مبايعات,Sales,1,2026-08-21T18:27:40.000Z,2026-07-29
1472000.0,526,الخليج التجارى,Business Bay,بايز 101 من دانوب,Bayz 101 By Danube,1,2024-07-10,,,,42432.98,برج خليفة,Burj Khalifa,مول دبي,Dubai Mall,محطة مترو الخليج التجاري,Business Bay Metro Station,1.0,1.0,0.0,34.69,102,بيع - تسجيل مبدئى,Sell - Pre registration,بايز101 من دانوب,Bayz 101 By Danube,2927.0,شقه سكنيه,Flat,60.0,وحدة,Unit,3,سكني,Residential,على الخارطة,Off-Plan Properties,0,,استوديو,Studio,1-102-2024-49089,مبايعات,Sales,1,2026-08-21T18:27:40.000Z,2024-07-10
1179374.0,526,الخليج التجارى,Business Bay,بن غاطي سكاي رايز - تاور سي,Binghatti Skyrise - TOWER C,1,2025-04-14,الخليج التجاري,Business Bay,,27440.07,وسط مدينة دبي,Downtown Dubai,مول دبي,Dubai Mall,محطة مترو الخليج التجاري,Business Bay Metro Station,1.0,2.0,0.0,42.98,102,بيع - تسجيل مبدئى,Sell - Pre registration,بن غاطي سكاي رايز,Binghatti Skyrise,3349.0,شقه سكنيه,Flat,60.0,وحدة,Unit,3,سكني,Residential,على الخارطة,Off-Plan Properties,0,,استوديو,Studio,1-102-2025-30221,مبايعات,Sales,1,2026-08-21T18:27:40.000Z,2025-04-14
24980000.0,390,برج خليفة,Burj Khalifa,إل بريمو,IL Primo,1,2023-11-06,داون تاون دبي,DownTown Dubai,,51590.25,برج خليفة,Burj Khalifa,مول دبي,Dubai Mall,محطة مترو بوج خليفة دبي مول,Buj Khalifa Dubai Mall Metro Station,1.0,1.0,0.0,484.2,102,بيع - تسجيل مبدئى,Sell - Pre registration,Il  بريمو,Il PRIMO,1757.0,شقه سكنيه,Flat,60.0,وحدة,Unit,3,سكني,Residential,على الخارطة,Off-Plan Properties,0,,أربع غرف,4 B/R,1-102-2023-58748,مبايعات,Sales,1,2026-08-21T18:27:40.000Z,2023-11-06
760000.0,441,البرشاء جنوب الرابعة,Al Barsha South Fourth,لوما 21,Luma21,1,2026-03-03,قرية جميرا الدائرية,Jumeirah Village Circle,,18282.42,أكاديمية المدينة الرياضية للسباحة,Sports City Swimming Academy,مارينا مول,Marina Mall,محطة مترو النخيل,Nakheel Metro Station,1.0,1.0,0.0,41.57,11,بيع,Sell,لوما21,Luma21,2327.0,شقه سكنيه,Flat,60.0,وحدة,Unit,3,سكني,Residential,العقارات القائمة,Existing Properties,1,,استوديو,Studio,1-11-2026-9511,مبايعات,Sales,1,2026-08-21T18:27:40.000Z,2026-03-03
1080000.0,441,البرشاء جنوب الرابعة,Al Barsha South Fourth,مرتفعات هافلوك,Havelock Heights,1,2025-01-27,قرية جميرا الدائرية,Jumeirah Village Circle,,13023.03,أكاديمية المدينة الرياضية للسباحة,Sports City Swimming Academy,مارينا مول,Marina Mall,مدينة دبي للإنترنت,Dubai Internet City,1.0,1.0,0.0,82.93,102,بيع - تسجيل مبدئى,Sell - Pre registration,هافلوك هايتس,Havelock Heights,3135.0,شقه سكنيه,Flat,60.0,وحدة,Unit,3,سكني,Residential,على الخارطة,Off-Plan Properties,0,,غرفة,1 B/R,1-102-2025-5888,مبايعات,Sales,1,2026-08-21T18:27:40.000Z,2025-01-27
400000.0,441,البرشاء جنوب الرابعة,Al Barsha South Fourth,بارك فيو تاور,PARK VIEW TOWER,1,2023-10-25,قرية جميرا الدائرية,Jumeirah Village Circle,,10093.36,أكاديمية المدينة الرياضية للسباحة,Sports City Swimming Academy,مارينا مول,Marina Mall,محطة مترو النخيل,Nakheel Metro Station,1.0,1.0,0.0,39.63,11,بيع,Sell,بارك فيو تاور,PARK VIEW TOWER,1639.0,شقه سكنيه,Flat,60.0,وحدة,Unit,3,سكني,Residential,العقارات القائمة,Existing Properties,1,,استوديو,Studio,1-11-2023-34384,مبايعات,Sales,1,2026-08-21T18:27:40.000Z,2023-10-25
2770560.0,410,نخلة جميرا,Palm Jumeirah,بالم بيتش تاورز-2,PALM BEACH TOWERS-2,1,2023-12-14,نخلة جميرا,Palm Jumeirah,,32389.06,برج العرب,Burj Al Arab,مارينا مول,Marina Mall,نخلة جميرا,Palm Jumeirah,1.0,1.0,0.0,85.54,102,بيع - تسجيل مبدئى,Sell - Pre registration,مشروع بالم بيتش تاورز - 2,Palm Beach Towers - 2,2429.0,شقه سكنيه,Flat,60.0,وحدة,Unit,3,سكني,Residential,على الخارطة,Off-Plan Properties,0,,غرفة,1 B/R,1-102-2023-66450,مبايعات,Sales,1,2026-08-21T18:27:40.000Z,2023-12-14
1650888.0,482,حدائق الشيخ محمد بن راشد,Hadaeq Sheikh Mohammed Bin Rashid,فيدا رزيدنسز كلوب بوينت - مبنى بي,Vida Residences Club Point-Building B,1,2024-12-11,دبي هيلز استيت,Dubai Hills Estate,,23297.88,,,,,,,1.0,1.0,0.0,70.86,102,بيع - تسجيل مبدئى,Sell - Pre registration,فيدا رزيدنسز كلوب بوينت,Vida Residences Club Point,3309.0,شقه سكنيه,Flat,60.0,وحدة,Unit,3,سكني,Residential,على الخارطة,Off-Plan Properties,0,,غرفة,1 B/R,1-102-2024-103526,مبايعات,Sales,1,2026-08-21T18:27:40.000Z,2024-12-11
1633604.0,526,الخليج التجارى,Business Bay,باي سكوير - 09,Bay Square - 09,1,2024-11-01,الخليج التجاري,Business Bay,,15427.37,وسط مدينة دبي,Downtown Dubai,مول دبي,Dubai Mall,محطة مترو بوج خليفة دبي مول,Buj Khalifa Dubai Mall Metro Station,1.0,1.0,0.0,105.89,11,بيع,Sell,ساحة الخليج,BAY SQUARE,1280.0,شقه سكنيه,Flat,60.0,وحدة,Unit,3,سكني,Residential,العقارات القائمة,Existing Properties,1,,غرفة,1 B/R,1-11-2024-41546,مبايعات,Sales,1,2026-08-21T18:27:40.000Z,2024-11-01
1130000.0,526,الخليج التجارى,Business Bay,بن غاطي سكاي رايز - تاور سي,Binghatti Skyrise - TOWER C,1,2025-08-14,الخليج التجاري,Business Bay,,26139.26,وسط مدينة دبي,Downtown Dubai,مول دبي,Dubai Mall,محطة مترو الخليج التجاري,Business Bay Metro Station,1.0,1.0,0.0,43.23,102,بيع - تسجيل مبدئى,Sell - Pre registration,بن غاطي سكاي رايز,Binghatti Skyrise,3349.0,شقه سكنيه,Flat,60.0,وحدة,Unit,3,سكني,Residential,على الخارطة,Off-Plan Properties,0,,استوديو,Studio,1-102-2025-75036,مبايعات,Sales,1,2026-08-21T18:27:40.000Z,2025-08-14
2250000.0,330,مرسى دبي,Marsa Dubai,المرجان 1,Murjan 1,1,2025-05-15,جميرا بيتش ريزيدنس  - الجيه بي آر,Jumeriah Beach Residence  - JBR,,21906.34,برج العرب,Burj Al Arab,مارينا مول,Marina Mall,مساكن شاطئ الجميرا,Jumeirah Beach Resdency,2.0,1.0,0.0,102.71,11,بيع,Sell,,,,شقه سكنيه,Flat,60.0,وحدة,Unit,3,سكني,Residential,العقارات القائمة,Existing Properties,1,,غرفة,1 B/R,1-11-2025-20480,مبايعات,Sales,1,2026-08-21T18:27:40.000Z,2025-05-15
400000.0,441,البرشاء جنوب الرابعة,Al Barsha South Fourth,BLOOM TOWERS B,BLOOM TOWERS B,1,2023-04-10,قرية جميرا الدائرية,Jumeirah Village Circle,,12158.05,أكاديمية المدينة الرياضية للسباحة,Sports City Swimming Academy,مول الإمارات,Mall of the Emirates,مدينة دبي للإنترنت,Dubai Internet City,1.0,1.0,0.0,32.9,11,بيع,Sell,بلووم تاورز,Bloom Towers,1888.0,شقه سكنيه,Flat,60.0,وحدة,Unit,3,سكني,Residential,العقارات القائمة,Existing Properties,1,,استوديو,Studio,1-11-2023-10559,مبايعات,Sales,1,2026-08-21T18:27:40.000Z,2023-04-10
1200000.0,526,الخليج التجارى,Business Bay,ذا باي,THE BAY,1,2024-03-14,الخليج التجاري,Business Bay,,13243.57,وسط مدينة دبي,Downtown Dubai,مول دبي,Dubai Mall,محطة مترو بوج خليفة دبي مول,Buj Khalifa Dubai Mall Metro Station,1.0,1.0,0.0,90.61,11,بيع,Sell,,,,شقه سكنيه,Flat,60.0,وحدة,Unit,3,سكني,Residential,العقارات القائمة,Existing Properties,1,,غرفة,1 B/R,1-11-2024-9483,مبايعات,Sales,1,2026-08-21T18:27:40.000Z,2024-03-14
3150000.0,390,برج خليفة,Burj Khalifa,ريحان 6,REEHAN 6,1,2024-03-28,داون تاون دبي,DownTown Dubai,,25724.79,وسط مدينة دبي,Downtown Dubai,مول دبي,Dubai Mall,محطة مترو بوج خليفة دبي مول,Buj Khalifa Dubai Mall Metro Station,1.0,1.0,0.0,122.45,11,بيع,Sell,,,,شقه سكنيه,Flat,60.0,وحدة,Unit,3,سكني,Residential,العقارات القائمة,Existing Properties,1,,غرفتين,2 B/R,1-11-2024-11457,مبايعات,Sales,1,2026-08-21T18:27:40.000Z,2024-03-28
1600000.0,390,برج خليفة,Burj Khalifa,8 بوليفارد واك,8 BLVD WALK,1,2023-12-13,داون تاون دبي,DownTown Dubai,,13278.01,وسط مدينة دبي,Downtown Dubai,مول دبي,Dubai Mall,محطة مترو الخليج التجاري,Business Bay Metro Station,2.0,1.0,0.0,120.5,11,بيع,Sell,,,,شقه سكنيه,Flat,60.0,وحدة,Unit,3,سكني,Residential,العقارات القائمة,Existing Properties,1,,غرفة,1 B/R,1-11-2023-41201,مبايعات,Sales,1,2026-08-21T18:27:40.000Z,2023-12-13
1640888.0,482,حدائق الشيخ محمد بن راشد,Hadaeq Sheikh Mohammed Bin Rashid,كلوب بلايس مبنى بي,Club Place Building B,1,2024-09-12,دبي هيلز استيت,Dubai Hills Estate,,23616.7,,,,,,,1.0,1.0,0.0,69.48,102,بيع - تسجيل مبدئى,Sell - Pre registration,كلوب بلايس,Club Place,3197.0,شقه سكنيه,Flat,60.0,وحدة,Unit,3,سكني,Residential,على الخارطة,Off-Plan Properties,0,,غرفة,1 B/R,1-102-2024-70792,مبايعات,Sales,1,2026-08-21T18:27:40.000Z,2024-09-12
9596180.0,390,برج خليفة,Burj Khalifa,اكسكوزيت ليفينج ريذيدنسز,EXQUISITE LIVING RESIDENCES,1,2024-02-06,داون تاون دبي,DownTown Dubai,,28841.61,وسط مدينة دبي,Downtown Dubai,مول دبي,Dubai Mall,محطة مترو بوج خليفة دبي مول,Buj Khalifa Dubai Mall Metro Station,1.0,2.0,0.0,332.72,102,بيع - تسجيل مبدئى,Sell - Pre registration,اكسكوزيت ليفينج ريذيدنسز,EXQUISITE LIVING RESIDENCES,2527.0,شقه سكنيه,Flat,60.0,وحدة,Unit,3,سكني,Residential,على الخارطة,Off-Plan Properties,0,,أربع غرف,4 B/R,1-102-2024-7194,مبايعات,Sales,1,2026-08-21T18:27:40.000Z,2024-02-06
3900000.0,482,حدائق الشيخ محمد بن راشد,Hadaeq Sheikh Mohammed Bin Rashid,لايم جاردنز,Lime Gardens,1,2026-01-20,دبي هيلز استيت,Dubai Hills Estate,,29981.55,موتور سيتي,Motor City,مول الإمارات,Mall of the Emirates,محطة مترو بنك أبوظبي الأول,First Abu Dhabi Bank Metro Station,1.0,1.0,0.0,130.08,11,بيع,Sell,لايم جاردنز,Lime Gardens,2418.0,شقه سكنيه,Flat,60.0,وحدة,Unit,3,سكني,Residential,العقارات القائمة,Existing Properties,1,,ثلاث غرف,3 B/R,1-11-2026-2642,مبايعات,Sales,1,2026-08-21T18:27:40.000Z,2026-01-20
771689.0,441,البرشاء جنوب الرابعة,Al Barsha South Fourth,برج أوريستا,AURESTA TOWER,1,2025-09-29,قرية جميرا الدائرية,Jumeirah Village Circle,,24266.96,أكاديمية المدينة الرياضية للسباحة,Sports City Swimming Academy,مول الإمارات,Mall of the Emirates,مدينة دبي للإنترنت,Dubai Internet City,1.0,1.0,0.0,31.8,102,بيع - تسجيل مبدئى,Sell - Pre registration,برج أوريستا,AURESTA TOWER,3734.0,شقه سكنيه,Flat,60.0,وحدة,Unit,3,سكني,Residential,على الخارطة,Off-Plan Properties,0,,استوديو,Studio,1-102-2025-95470,مبايعات,Sales,1,2026-08-21T18:27:40.000Z,2025-09-29
4065000.0,482,حدائق الشيخ محمد بن راشد,Hadaeq Sheikh Mohammed Bin Rashid,اكاسيا في بارك هايتس بناية ايه,ACACIA AT PARK HEIGHTS BUILDING A,1,2025-07-23,دبي هيلز استيت,Dubai Hills Estate,,33614.49,برج العرب,Burj Al Arab,مول الإمارات,Mall of the Emirates,محطة مترو بنك أبوظبي الأول,First Abu Dhabi Bank Metro Station,2.0,1.0,0.0,120.93,11,بيع,Sell,أكاسيا أت بارك هايتس,ACACIA AT PARK HEIGHTS,1633.0,شقه سكنيه,Flat,60.0,وحدة,Unit,3,سكني,Residential,العقارات القائمة,Existing Properties,1,,غرفتين,2 B/R,1-11-2025-31109,مبايعات,Sales,1,2026-08-21T18:27:40.000Z,2025-07-23
8021328.0,330,مرسى دبي,Marsa Dubai,شوبا سيهيفين - تاور سي,SOBHA SEAHAVEN - TOWER C,1,2024-10-28,دبي هاربر,Dubai Harbour,,45208.41,,,,,,,1.0,1.0,0.0,177.43,102,بيع - تسجيل مبدئى,Sell - Pre registration,شوبا سيهيفين البرج ب و سي,Sobha Seahaven Tower B & C,2762.0,شقه سكنيه,Flat,60.0,وحدة,Unit,3,سكني,Residential,على الخارطة,Off-Plan Properties,0,,غرفتين,2 B/R,1-102-2024-90599,مبايعات,Sales,1,2026-08-21T18:27:40.000Z,2024-10-28
2043270.0,526,الخليج التجارى,Business Bay,ويست باي تاور,WEST BAY TOWER,1,2024-01-23,الخليج التجاري,Business Bay,,19491.27,وسط مدينة دبي,Downtown Dubai,مول دبي,Dubai Mall,محطة مترو الخليج التجاري,Business Bay Metro Station,1.0,1.0,0.0,104.83,102,بيع - تسجيل مبدئى,Sell - Pre registration,ويست باي تاور,WEST BAY TOWER,1701.0,شقه سكنيه,Flat,60.0,وحدة,Unit,3,سكني,Residential,على الخارطة,Off-Plan Properties,0,,غرفتين,2 B/R,1-102-2023-59959,مبايعات,Sales,1,2026-08-21T18:27:40.000Z,2024-01-23
800000.0,441,البرشاء جنوب الرابعة,Al Barsha South Fourth,بن غاطي لونا,Binghatti Luna,1,2026-08-18,قرية جميرا الدائرية,Jumeirah Village Circle,,13125.51,أكاديمية المدينة الرياضية للسباحة,Sports City Swimming Academy,مول الإمارات,Mall of the Emirates,مدينة دبي للإنترنت,Dubai Internet City,1.0,1.0,0.0,60.95,11,بيع,Sell,بن غاطي لونا,Binghatti Luna,2441.0,شقه سكنيه,Flat,60.0,وحدة,Unit,3,سكني,Residential,العقارات القائمة,Existing Properties,1,,غرفة,1 B/R,1-11-2026-25535,مبايعات,Sales,1,2026-08-21T18:27:40.000Z,2026-08-18
761083.0,441,البرشاء جنوب الرابعة,Al Barsha South Fourth,تاراف 1 ريزيدنس,TARAF 1 Residence,1,2023-09-14,قرية جميرا الدائرية,Jumeirah Village Circle,,8864.24,أكاديمية المدينة الرياضية للسباحة,Sports City Swimming Academy,مول الإمارات,Mall of the Emirates,مدينة دبي للإنترنت,Dubai Internet City,1.0,1.0,0.0,85.86,11,بيع,Sell,,,,شقه سكنيه,Flat,60.0,وحدة,Unit,3,سكني,Residential,العقارات القائمة,Existing Properties,1,,غرفة,1 B/R,1-11-2023-29355,مبايعات,Sales,1,2026-08-21T18:27:40.000Z,2023-09-14
1400000.0,441,البرشاء جنوب الرابعة,Al Barsha South Fourth,اتش ثري من أرورا,H Three by Aurora,1,2025-03-05,قرية جميرا الدائرية,Jumeirah Village Circle,,12413.55,أكاديمية المدينة الرياضية للسباحة,Sports City Swimming Academy,مول الإمارات,Mall of the Emirates,مدينة دبي للإنترنت,Dubai Internet City,1.0,2.0,0.0,112.78,102,بيع - تسجيل مبدئى,Sell - Pre registration,الذي اتش ثري من أرورا,H Three By Aurora,2763.0,شقه سكنيه,Flat,60.0,وحدة,Unit,3,سكني,Residential,على الخارطة,Off-Plan Properties,0,,غرفتين,2 B/R,1-102-2025-18203,مبايعات,Sales,1,2026-08-21T18:27:40.000Z,2025-03-05
1967000.0,390,برج خليفة,Burj Khalifa,إليجانس تاور,ELEGANCE TOWER,1,2023-02-09,داون تاون دبي,DownTown Dubai,,28367.46,وسط مدينة دبي,Downtown Dubai,مول دبي,Dubai Mall,محطة مترو بوج خليفة دبي مول,Buj Khalifa Dubai Mall Metro Station,1.0,2.0,0.0,69.34,102,بيع - تسجيل مبدئى,Sell - Pre registration,اليجانس تاور,ELEGANCE TOWER,2475.0,شقه سكنيه,Flat,60.0,وحدة,Unit,3,سكني,Residential,على الخارطة,Off-Plan Properties,0,,غرفة,1 B/R,1-102-2023-6380,مبايعات,Sales,1,2026-08-21T18:27:40.000Z,2023-02-09
3500000.0,330,مرسى دبي,Marsa Dubai,دلفين دبليو 3,Delphine W3,1,2024-07-18,دبي مارينا,Dubai Marina,,25183.48,برج العرب,Burj Al Arab,مارينا مول,Marina Mall,مساكن شاطئ جميرا,Jumeirah Beach Residency,1.0,1.0,0.0,138.98,11,بيع,Sell,,,,شقه سكنيه,Flat,60.0,وحدة,Unit,3,سكني,Residential,العقارات القائمة,Existing Properties,1,,غرفتين,2 B/R,1-11-2024-26746,مبايعات,Sales,1,2026-08-21T18:27:40.000Z,2024-07-18
2999888.0,330,مرسى دبي,Marsa Dubai,بيتش مانشن - تاور 1,BEACH MANSION - TOWER 1,1,2023-07-27,دبي هاربر,Dubai Harbour,,25156.29,,,,,,,1.0,1.0,0.0,119.25,102,بيع - تسجيل مبدئى,Sell - Pre registration,بيتش مانشن,Beach Mansion,2286.0,شقه سكنيه,Flat,60.0,وحدة,Unit,3,سكني,Residential,على الخارطة,Off-Plan Properties,0,,غرفتين,2 B/R,1-102-2023-35774,مبايعات,Sales,1,2026-08-21T18:27:40.000Z,2023-07-27
3000000.0,330,مرسى دبي,Marsa Dubai,مارينا تاور,MARINA TOWER,1,2025-07-08,دبي مارينا,Dubai Marina,,20336.23,برج العرب,Burj Al Arab,مارينا مول,Marina Mall,مرسى دبي,Dubai Marina,1.0,2.0,0.0,147.52,11,بيع,Sell,,,,شقه سكنيه,Flat,60.0,وحدة,Unit,3,سكني,Residential,العقارات القائمة,Existing Properties,1,,ثلاث غرف,3 B/R,1-11-2025-28787,مبايعات,Sales,1,2026-08-21T18:27:40.000Z,2025-07-08
3650000.0,410,نخلة جميرا,Palm Jumeirah,الحبول,Al Habool,1,2026-06-25,نخلة جميرا,Palm Jumeirah,,19706.3,برج العرب,Burj Al Arab,مارينا مول,Marina Mall,نخلة جميرا,Palm Jumeirah,1.0,1.0,0.0,185.22,11,بيع,Sell,,,,شقه سكنيه,Flat,60.0,وحدة,Unit,3,سكني,Residential,العقارات القائمة,Existing Properties,1,,غرفتين,2 B/R,1-11-2026-19611,مبايعات,Sales,1,2026-08-21T18:27:40.000Z,2026-06-25
2253888.0,330,مرسى دبي,Marsa Dubai,فرانك مولر فانغارد,Franck Muller Vanguard,1,2025-07-09,تيكوم سايت د,TECOM Site D,,25508.01,برج العرب,Burj Al Arab,مارينا مول,Marina Mall,ابراج مارينا,Marina Towers,1.0,1.0,0.0,88.36,102,بيع - تسجيل مبدئى,Sell - Pre registration,فرانك مولر فانغارد,Franck muller Vanguard,3202.0,شقه سكنيه,Flat,60.0,وحدة,Unit,3,سكني,Residential,على الخارطة,Off-Plan Properties,0,,غرفتين,2 B/R,1-102-2025-60471,مبايعات,Sales,1,2026-08-21T18:27:40.000Z,2025-07-09
1175625.0,441,البرشاء جنوب الرابعة,Al Barsha South Fourth,بن غاطي كريسنت,Binghatti Crescent,1,2023-03-15,قرية جميرا الدائرية,Jumeirah Village Circle,,11588.22,أكاديمية المدينة الرياضية للسباحة,Sports City Swimming Academy,مول الإمارات,Mall of the Emirates,مدينة دبي للإنترنت,Dubai Internet City,1.0,1.0,0.0,101.45,102,بيع - تسجيل مبدئى,Sell - Pre registration,بن غاطي كريسنت,Binghatti Crescent,2535.0,شقه سكنيه,Flat,60.0,وحدة,Unit,3,سكني,Residential,على الخارطة,Off-Plan Properties,0,,غرفتين,2 B/R,1-102-2023-12992,مبايعات,Sales,1,2026-08-21T18:27:40.000Z,2023-03-15
1126691.0,441,البرشاء جنوب الرابعة,Al Barsha South Fourth,اسكوير ايكس ريزيدنس,SquareX Residence,1,2025-08-21,قرية جميرا الدائرية,Jumeirah Village Circle,,14737.62,أكاديمية المدينة الرياضية للسباحة,Sports City Swimming Academy,مارينا مول,Marina Mall,مدينة دبي للإنترنت,Dubai Internet City,1.0,1.0,0.0,76.45,102,بيع - تسجيل مبدئى,Sell - Pre registration,سكوير اكس ريزيدنس,SquareX Residence,2919.0,شقه سكنيه,Flat,60.0,وحدة,Unit,3,سكني,Residential,على الخارطة,Off-Plan Properties,0,,غرفة,1 B/R,1-102-2025-78573,مبايعات,Sales,1,2026-08-21T18:27:40.000Z,2025-08-21
2620000.0,330,مرسى دبي,Marsa Dubai,المرجان 6,Murjan 6,1,2025-03-06,جميرا بيتش ريزيدنس  - الجيه بي آر,Jumeriah Beach Residence  - JBR,,14982.56,برج العرب,Burj Al Arab,مارينا مول,Marina Mall,مساكن شاطئ الجميرا,Jumeirah Beach Resdency,1.0,2.0,0.0,174.87,11,بيع,Sell,,,,شقه سكنيه,Flat,60.0,وحدة,Unit,3,سكني,Residential,العقارات القائمة,Existing Properties,1,,ثلاث غرف,3 B/R,1-11-2025-9486,مبايعات,Sales,1,2026-08-21T18:27:40.000Z,2025-03-06
6104725.0,390,برج خليفة,Burj Khalifa,25اورس هيمات دبي,25hours Heimat Dubai,1,2024-09-06,داون تاون دبي,DownTown Dubai,,34447.16,وسط مدينة دبي,Downtown Dubai,مول دبي,Dubai Mall,محطة مترو الخليج التجاري,Business Bay Metro Station,1.0,1.0,0.0,177.22,102,بيع - تسجيل مبدئى,Sell - Pre registration,يوفوريك ريزدنسز,Euphoric Residences,2886.0,شقه سكنيه,Flat,60.0,وحدة,Unit,3,سكني,Residential,على الخارطة,Off-Plan Properties,0,,ثلاث غرف,3 B/R,1-102-2024-68863,مبايعات,Sales,1,2026-08-21T18:27:40.000Z,2024-09-06
1650000.0,482,حدائق الشيخ محمد بن راشد,Hadaeq Sheikh Mohammed Bin Rashid,إكزيكتيف رزيدنسز 2,EXECUTIVE RESIDENCES 2,1,2026-03-30,دبي هيلز استيت,Dubai Hills Estate,,27164.97,برج العرب,Burj Al Arab,مول الإمارات,Mall of the Emirates,محطة مترو بنك أبوظبي الأول,First Abu Dhabi Bank Metro Station,1.0,1.0,0.0,60.74,11,بيع,Sell,بارك ريدج,PARK RIDGE,1937.0,شقه سكنيه,Flat,60.0,وحدة,Unit,3,سكني,Residential,العقارات القائمة,Existing Properties,1,,غرفة,1 B/R,1-11-2026-11956,مبايعات,Sales,1,2026-08-21T18:27:40.000Z,2026-03-30
335000.0,441,البرشاء جنوب الرابعة,Al Barsha South Fourth,مي ريزيدنس تاور 1,May Residence Tower 1,1,2023-12-26,قرية جميرا الدائرية,Jumeirah Village Circle,,9083.51,أكاديمية المدينة الرياضية للسباحة,Sports City Swimming Academy,مول الإمارات,Mall of the Emirates,مدينة دبي للإنترنت,Dubai Internet City,1.0,1.0,0.0,36.88,11,بيع,Sell,ماي ريزيدنس,MAY RESIDENCE,1692.0,شقه سكنيه,Flat,60.0,وحدة,Unit,3,سكني,Residential,العقارات القائمة,Existing Properties,1,,استوديو,Studio,1-11-2023-42949,مبايعات,Sales,1,2026-08-21T18:27:40.000Z,2023-12-26
1542888.0,482,حدائق الشيخ محمد بن راشد,Hadaeq Sheikh Mohammed Bin Rashid,كلوب درايف - تاور ايه,Club Drive-Tower A,1,2024-01-10,دبي هيلز استيت,Dubai Hills Estate,,22830.54,,,,,,,1.0,1.0,0.0,67.58,102,بيع - تسجيل مبدئى,Sell - Pre registration,كلوب درايف,Club Drive,2769.0,شقه سكنيه,Flat,60.0,وحدة,Unit,3,سكني,Residential,على الخارطة,Off-Plan Properties,0,,غرفة,1 B/R,1-102-2024-1312,مبايعات,Sales,1,2026-08-21T18:27:40.000Z,2024-01-10
990000.0,482,حدائق الشيخ محمد بن راشد,Hadaeq Sheikh Mohammed Bin Rashid,A جولف فل بلوك,Golfville Block A,1,2023-07-04,دبي هيلز استيت,Dubai Hills Estate,,21573.33,آي إم جي وورلد أدفينتشرز,IMG World Adventures,مول الإمارات,Mall of the Emirates,محطة مترو نور بنك,Noor Bank Metro Station,1.0,1.0,0.0,45.89,102,بيع - تسجيل مبدئى,Sell - Pre registration,جولف فل,Golf ville,2144.0,شقه سكنيه,Flat,60.0,وحدة,Unit,3,سكني,Residential,على الخارطة,Off-Plan Properties,0,,غرفة,1 B/R,1-102-2023-31616,مبايعات,Sales,1,2026-08-21T18:27:40.000Z,2023-07-04
835296.0,441,البرشاء جنوب الرابعة,Al Barsha South Fourth,من امتياز I بيرل هاوس,PEARL HOUSE I BY IMTIAZ,1,2023-09-11,قرية جميرا الدائرية,Jumeirah Village Circle,,13227.19,أكاديمية المدينة الرياضية للسباحة,Sports City Swimming Academy,مارينا مول,Marina Mall,مدينة دبي للإنترنت,Dubai Internet City,1.0,1.0,0.0,63.15,102,بيع - تسجيل مبدئى,Sell - Pre registration,بيرل هاوس 1 من امتياز,Pearl House I by Imtiaz,2712.0,شقه سكنيه,Flat,60.0,وحدة,Unit,3,سكني,Residential,على الخارطة,Off-Plan Properties,0,,غرفة,1 B/R,1-102-2023-45187,مبايعات,Sales,1,2026-08-21T18:27:40.000Z,2023-09-11
3551458.0,526,الخليج التجارى,Business Bay,برج الحبتور,Al Habtoor Tower,1,2025-12-25,,,,32663.09,وسط مدينة دبي,Downtown Dubai,مول دبي,Dubai Mall,محطة مترو الخليج التجاري,Business Bay Metro Station,1.0,1.0,0.0,108.73,102,بيع - تسجيل مبدئى,Sell - Pre registration,برج الحبتور,Al Habtoor Tower,2656.0,شقه سكنيه,Flat,60.0,وحدة,Unit,3,سكني,Residential,على الخارطة,Off-Plan Properties,0,,غرفة,1 B/R,1-102-2025-132498,مبايعات,Sales,1,2026-08-21T18:27:40.000Z,2025-12-25
1955999.0,442,البرشاء جنوب الخامسة,Al Barsha South Fifth,بن غاطي فلير 02,Binghatti Flare 02,1,2025-10-21,قرية جميرا المثلثة,Jumeirah Village Triangle,,14095.26,أكاديمية المدينة الرياضية للسباحة,Sports City Swimming Academy,مارينا مول,Marina Mall,أبراج بحيرات جميرا,Jumeirah Lakes Towers,1.0,1.0,0.0,138.77,102,بيع - تسجيل مبدئى,Sell - Pre registration,بن غاطي فلير 02,Binghatti Flare 02,4008.0,شقه سكنيه,Flat,60.0,وحدة,Unit,3,سكني,Residential,على الخارطة,Off-Plan Properties,0,,غرفتين,2 B/R,1-102-2025-105193,مبايعات,Sales,1,2026-08-21T18:27:40.000Z,2025-10-21
810000.0,441,البرشاء جنوب الرابعة,Al Barsha South Fourth,فيتا غراندي بواسطة متيورا,Vita Grande By Meteora,1,2025-11-10,قرية جميرا الدائرية,Jumeirah Village Circle,,14033.26,أكاديمية المدينة الرياضية للسباحة,Sports City Swimming Academy,مول الإمارات,Mall of the Emirates,مدينة دبي للإنترنت,Dubai Internet City,1.0,1.0,0.0,57.72,102,بيع - تسجيل مبدئى,Sell - Pre registration,فيتا غراندي باي ميتيورا,VITA GRANDE BY METEORA,2714.0,شقه سكنيه,Flat,60.0,وحدة,Unit,3,سكني,Residential,على الخارطة,Off-Plan Properties,0,,غرفة,1 B/R,1-102-2025-113286,مبايعات,Sales,1,2026-08-21T18:27:40.000Z,2025-11-10
1258800.0,390,برج خليفة,Burj Khalifa,اليت داون تاون ريزيدنيس,ELITE DOWNTOWN RESIDENCE,1,2024-06-13,داون تاون دبي,DownTown Dubai,,16737.14,وسط مدينة دبي,Downtown Dubai,مول دبي,Dubai Mall,محطة مترو الخليج التجاري,Business Bay Metro Station,1.0,1.0,0.0,75.21,11,بيع,Sell,ايليت داون تاون رزيدنس,ELITE DOWNTOWN RESIDENCE,1403.0,شقه سكنيه,Flat,60.0,وحدة,Unit,3,سكني,Residential,العقارات القائمة,Existing Properties,1,,غرفة,1 B/R,1-11-2024-20750,مبايعات,Sales,1,2026-08-21T18:27:40.000Z,2024-06-13
1341492.0,526,الخليج التجارى,Business Bay,سينشري,CENTURY,1,2024-07-15,الخليج التجاري,Business Bay,,19357.76,وسط مدينة دبي,Downtown Dubai,مول دبي,Dubai Mall,محطة مترو بوج خليفة دبي مول,Buj Khalifa Dubai Mall Metro Station,1.0,1.0,0.0,69.3,102,بيع - تسجيل مبدئى,Sell - Pre registration,سنشري,Century,3030.0,شقه سكنيه,Flat,60.0,وحدة,Unit,3,سكني,Residential,على الخارطة,Off-Plan Properties,0,,غرفة,1 B/R,1-102-2024-49743,مبايعات,Sales,1,2026-08-21T18:27:40.000Z,2024-07-15
1300000.0,441,البرشاء جنوب الرابعة,Al Barsha South Fourth,جولدن دريم تاور 1,GOLDEN DREAM TOWER 1,1,2025-12-29,قرية جميرا الدائرية,Jumeirah Village Circle,,12149.53,أكاديمية المدينة الرياضية للسباحة,Sports City Swimming Academy,مارينا مول,Marina Mall,محطة مترو النخيل,Nakheel Metro Station,1.0,1.0,0.0,107.0,11,بيع,Sell,,,,شقه سكنيه,Flat,60.0,وحدة,Unit,3,سكني,Residential,العقارات القائمة,Existing Properties,1,,غرفتين,2 B/R,1-11-2025-54177,مبايعات,Sales,1,2026-08-21T18:27:40.000Z,2025-12-29
1500000.0,526,الخليج التجارى,Business Bay,فيرا تاور,VERA TOWER,1,2024-04-22,الخليج التجاري,Business Bay,,17957.62,وسط مدينة دبي,Downtown Dubai,مول دبي,Dubai Mall,محطة مترو بوج خليفة دبي مول,Buj Khalifa Dubai Mall Metro Station,1.0,1.0,0.0,83.53,11,بيع,Sell,فيرا تاور,VERA TOWER,1786.0,شقه سكنيه,Flat,60.0,وحدة,Unit,3,سكني,Residential,العقارات القائمة,Existing Properties,1,,غرفتين,2 B/R,1-11-2024-13567,مبايعات,Sales,1,2026-08-21T18:27:40.000Z,2024-04-22
1000000.0,441,البرشاء جنوب الرابعة,Al Barsha South Fourth,ويست وود جراند من امتياز,Westwood Grande by Imtiaz,1,2024-08-05,قرية جميرا الدائرية,Jumeirah Village Circle,,13422.82,أكاديمية المدينة الرياضية للسباحة,Sports City Swimming Academy,مارينا مول,Marina Mall,محطة مترو النخيل,Nakheel Metro Station,1.0,1.0,0.0,74.5,102,بيع - تسجيل مبدئى,Sell - Pre registration,ويستوود غراند من امتياز,Westwood Grande by Imtiaz,2520.0,شقه سكنيه,Flat,60.0,وحدة,Unit,3,سكني,Residential,على الخارطة,Off-Plan Properties,0,,غرفة,1 B/R,1-102-2024-57797,مبايعات,Sales,1,2026-08-21T18:27:40.000Z,2024-08-05
3816888.0,330,مرسى دبي,Marsa Dubai,باي فيو البرج 2,BAYVIEW Tower 2,1,2024-05-29,دبي هاربر,Dubai Harbour,,53971.83,,,,,,,1.0,1.0,0.0,70.72,102,بيع - تسجيل مبدئى,Sell - Pre registration,باي فيو,BAYVIEW,2646.0,شقه سكنيه,Flat,60.0,وحدة,Unit,3,سكني,Residential,على الخارطة,Off-Plan Properties,0,,غرفة,1 B/R,1-102-2024-37597,مبايعات,Sales,1,2026-08-21T18:27:40.000Z,2024-05-29
1247510.0,441,البرشاء جنوب الرابعة,Al Barsha South Fourth,1 بارك سنترال باي ايمان,ONE PARK CENTRAL BY IMAN,1,2024-10-02,قرية جميرا الدائرية,Jumeirah Village Circle,,16556.2,أكاديمية المدينة الرياضية للسباحة,Sports City Swimming Academy,مارينا مول,Marina Mall,محطة مترو النخيل,Nakheel Metro Station,1.0,1.0,0.0,75.35,102,بيع - تسجيل مبدئى,Sell - Pre registration,بارك سنترال باي ايمان  1,ONE PARK CENTRAL BY IMAN,2969.0,شقه سكنيه,Flat,60.0,وحدة,Unit,3,سكني,Residential,على الخارطة,Off-Plan Properties,0,,غرفة,1 B/R,1-102-2024-79840,مبايعات,Sales,1,2026-08-21T18:27:40.000Z,2024-10-02
2350000.0,330,مرسى دبي,Marsa Dubai,الرمال 4,Rimal 4,1,2024-06-14,جميرا بيتش ريزيدنس  - الجيه بي آر,Jumeriah Beach Residence  - JBR,,13146.85,برج العرب,Burj Al Arab,مارينا مول,Marina Mall,مساكن شاطئ جميرا,Jumeirah Beach Residency,1.0,1.0,0.0,178.75,11,بيع,Sell,,,,شقه سكنيه,Flat,60.0,وحدة,Unit,3,سكني,Residential,العقارات القائمة,Existing Properties,1,,ثلاث غرف,3 B/R,1-11-2024-21995,مبايعات,Sales,1,2026-08-21T18:27:40.000Z,2024-06-14
400000.0,441,البرشاء جنوب الرابعة,Al Barsha South Fourth,غالية,GHALIA,1,2023-08-08,قرية جميرا الدائرية,Jumeirah Village Circle,,11226.49,أكاديمية المدينة الرياضية للسباحة,Sports City Swimming Academy,مارينا مول,Marina Mall,محطة مترو النخيل,Nakheel Metro Station,1.0,1.0,0.0,35.63,11,بيع,Sell,غالية,GHALIA,1505.0,شقه سكنيه,Flat,60.0,وحدة,Unit,3,سكني,Residential,العقارات القائمة,Existing Properties,1,,استوديو,Studio,1-11-2023-24807,مبايعات,Sales,1,2026-08-21T18:27:40.000Z,2023-08-08
1612888.0,482,حدائق الشيخ محمد بن راشد,Hadaeq Sheikh Mohammed Bin Rashid,فيدا رزيدنسز كلوب بوينت - مبنى ايه,Vida Residences Club Point-Building A,1,2025-01-01,دبي هيلز استيت,Dubai Hills Estate,,23240.46,,,,,,,1.0,2.0,0.0,69.4,102,بيع - تسجيل مبدئى,Sell - Pre registration,فيدا رزيدنسز كلوب بوينت,Vida Residences Club Point,3309.0,شقه سكنيه,Flat,60.0,وحدة,Unit,3,سكني,Residential,على الخارطة,Off-Plan Properties,0,,غرفة,1 B/R,1-102-2024-110637,مبايعات,Sales,1,2026-08-21T18:27:40.000Z,2025-01-01
1140000.0,390,برج خليفة,Burj Khalifa,برج فيوز تاور بي,Burj Views Tower B,1,2023-01-30,داون تاون دبي,DownTown Dubai,,11330.88,وسط مدينة دبي,Downtown Dubai,مول دبي,Dubai Mall,محطة مترو بوج خليفة دبي مول,Buj Khalifa Dubai Mall Metro Station,1.0,1.0,0.0,100.61,11,بيع,Sell,إطلالات برج,BURJ VIEWS,1451.0,شقه سكنيه,Flat,60.0,وحدة,Unit,3,سكني,Residential,العقارات القائمة,Existing Properties,1,,غرفة,1 B/R,1-11-2023-2596,مبايعات,Sales,1,2026-08-21T18:27:40.000Z,2023-01-30
608000.0,441,البرشاء جنوب الرابعة,Al Barsha South Fourth,نيفا ريزيدنسز,NEVA RESIDENCES,1,2024-12-11,قرية جميرا الدائرية,Jumeirah Village Circle,,12595.82,أكاديمية المدينة الرياضية للسباحة,Sports City Swimming Academy,مول الإمارات,Mall of the Emirates,مدينة دبي للإنترنت,Dubai Internet City,1.0,1.0,0.0,48.27,102,بيع - تسجيل مبدئى,Sell - Pre registration,نيفا ريزدنسيس,NEVA RESIDENCES,2544.0,شقه سكنيه,Flat,60.0,وحدة,Unit,3,سكني,Residential,على الخارطة,Off-Plan Properties,0,,استوديو,Studio,1-102-2024-103502,مبايعات,Sales,1,2026-08-21T18:27:40.000Z,2024-12-11
4947679.0,330,مرسى دبي,Marsa Dubai,ستيلا ماريس,Stella Maris,1,2025-01-07,دبي مارينا,Dubai Marina,,27197.0,أكاديمية المدينة الرياضية للسباحة,Sports City Swimming Academy,مارينا مول,Marina Mall,مساكن شاطئ جميرا,Jumeirah Beach Residency,1.0,1.0,0.0,181.92,41,بيع مبدئى,Delayed Sell,ستيلا ماريس,STELLA MARIS,1664.0,شقه سكنيه,Flat,60.0,وحدة,Unit,3,سكني,Residential,العقارات القائمة,Existing Properties,1,,غرفتين,2 B/R,1-41-2025-259,مبايعات,Sales,1,2026-08-21T18:27:40.000Z,2025-01-07
910969.0,442,البرشاء جنوب الخامسة,Al Barsha South Fifth,A- ريد سكوير,Red Square -A,1,2024-06-26,قرية جميرا المثلثة,Jumeirah Village Triangle,,16428.66,أكاديمية المدينة الرياضية للسباحة,Sports City Swimming Academy,مارينا مول,Marina Mall,عقارات داماك,Damac Properties,1.0,2.0,0.0,55.45,102,بيع - تسجيل مبدئى,Sell - Pre registration,ريد سكوير,RED SQUARE,2789.0,شقه سكنيه,Flat,60.0,وحدة,Unit,3,سكني,Residential,على الخارطة,Off-Plan Properties,0,,غرفة,1 B/R,1-102-2024-45721,مبايعات,Sales,1,2026-08-21T18:27:40.000Z,2024-06-26
3250000.0,330,مرسى دبي,Marsa Dubai,فيدا ريزيدنسز دبي مارينا,VIDA Residences Dubai Marina,1,2024-12-23,دبي مارينا,Dubai Marina,,28364.46,برج العرب,Burj Al Arab,مارينا مول,Marina Mall,أبراج بحيرات جميرا,Jumeirah Lakes Towers,1.0,2.0,0.0,114.58,11,بيع,Sell,فيدا ريزيدنسز دبي مارينا,VIDA Residences Dubai Marina,1831.0,شقه سكنيه,Flat,60.0,وحدة,Unit,3,سكني,Residential,العقارات القائمة,Existing Properties,1,,غرفتين,2 B/R,1-11-2024-49614,مبايعات,Sales,1,2026-08-21T18:27:40.000Z,2024-12-23
1350000.0,390,برج خليفة,Burj Khalifa,وان ريزيدنس,One Residence,1,2024-10-07,داون تاون دبي,DownTown Dubai,,30949.11,وسط مدينة دبي,Downtown Dubai,مول دبي,Dubai Mall,محطة مترو بوج خليفة دبي مول,Buj Khalifa Dubai Mall Metro Station,1.0,1.0,0.0,43.62,102,بيع - تسجيل مبدئى,Sell - Pre registration,وان ريزيدنس,One Residence,3150.0,شقه سكنيه,Flat,60.0,وحدة,Unit,3,سكني,Residential,على الخارطة,Off-Plan Properties,0,,استوديو,Studio,1-102-2024-82489,مبايعات,Sales,1,2026-08-21T18:27:40.000Z,2024-10-07
1933749.0,526,الخليج التجارى,Business Bay,بن غاطي سكاي رايز - تاور بي,Binghatti Skyrise - TOWER B,1,2025-12-15,الخليج التجاري,Business Bay,,25055.06,وسط مدينة دبي,Downtown Dubai,مول دبي,Dubai Mall,محطة مترو الخليج التجاري,Business Bay Metro Station,1.0,2.0,0.0,77.18,102,بيع - تسجيل مبدئى,Sell - Pre registration,بن غاطي سكاي رايز,Binghatti Skyrise,3349.0,شقه سكنيه,Flat,60.0,وحدة,Unit,3,سكني,Residential,على الخارطة,Off-Plan Properties,0,,غرفة,1 B/R,1-102-2025-127446,مبايعات,Sales,1,2026-08-21T18:27:40.000Z,2025-12-15
1196000.0,526,الخليج التجارى,Business Bay,بايز 101 من دانوب,Bayz 101 By Danube,1,2024-06-20,,,,34456.93,برج خليفة,Burj Khalifa,مول دبي,Dubai Mall,محطة مترو الخليج التجاري,Business Bay Metro Station,1.0,1.0,0.0,34.71,102,بيع - تسجيل مبدئى,Sell - Pre registration,بايز101 من دانوب,Bayz 101 By Danube,2927.0,شقه سكنيه,Flat,60.0,وحدة,Unit,3,سكني,Residential,على الخارطة,Off-Plan Properties,0,,استوديو,Studio,1-102-2024-44008,مبايعات,Sales,1,2026-08-21T18:27:40.000Z,2024-06-20
1600000.0,482,حدائق الشيخ محمد بن راشد,Hadaeq Sheikh Mohammed Bin Rashid,سوشيو تووير 1,Socio Tower 1,1,2025-01-29,دبي هيلز استيت,Dubai Hills Estate,,23316.82,برج العرب,Burj Al Arab,مول الإمارات,Mall of the Emirates,محطة مترو بنك أبوظبي الأول,First Abu Dhabi Bank Metro Station,1.0,1.0,0.0,68.62,11,بيع,Sell,سوشيو,Socio,2028.0,شقه سكنيه,Flat,60.0,وحدة,Unit,3,سكني,Residential,العقارات القائمة,Existing Properties,1,,غرفتين,2 B/R,1-11-2025-3615,مبايعات,Sales,1,2026-08-21T18:27:40.000Z,2025-01-29
667547.0,482,حدائق الشيخ محمد بن راشد,Hadaeq Sheikh Mohammed Bin Rashid,ذا بينكال,The Pinnacle,1,2024-08-29,دبي هيلز استيت,Dubai Hills Estate,,17334.38,قرية عالمية,Global Village,مول الإمارات,Mall of the Emirates,محطة مترو بنك أبوظبي الأول,First Abu Dhabi Bank Metro Station,1.0,1.0,0.0,38.51,11,بيع,Sell,,,,شقه سكنيه,Flat,60.0,وحدة,Unit,3,سكني,Residential,العقارات القائمة,Existing Properties,1,,استوديو,Studio,1-11-2024-31932,مبايعات,Sales,1,2026-08-21T18:27:40.000Z,2024-08-29
15300000.0,526,الخليج التجارى,Business Bay,ذا أوبس من أمنيات,The Opus By Omniyat,1,2023-02-24,الخليج التجاري,Business Bay,,45914.23,وسط مدينة دبي,Downtown Dubai,مول دبي,Dubai Mall,محطة مترو الخليج التجاري,Business Bay Metro Station,1.0,1.0,0.0,333.23,11,بيع,Sell,أوبس من أمنيات,THE OPUS BY OMNIYAT,1177.0,شقه سكنيه,Flat,60.0,وحدة,Unit,3,سكني,Residential,العقارات القائمة,Existing Properties,1,,ثلاث غرف,3 B/R,1-11-2023-5158,مبايعات,Sales,1,2026-08-21T18:27:40.000Z,2023-02-24
3260000.0,330,مرسى دبي,Marsa Dubai,اتيسا اكس 2,ATTESSA X2,1,2026-01-12,دبي مارينا,Dubai Marina,,22523.14,برج العرب,Burj Al Arab,مارينا مول,Marina Mall,مساكن شاطئ جميرا,Jumeirah Beach Residency,1.0,1.0,0.0,144.74,11,بيع,Sell,,,,شقه سكنيه,Flat,60.0,وحدة,Unit,3,سكني,Residential,العقارات القائمة,Existing Properties,1,,غرفتين,2 B/R,1-11-2026-1293,مبايعات,Sales,1,2026-08-21T18:27:40.000Z,2026-01-12
1490000.0,441,البرشاء جنوب الرابعة,Al Barsha South Fourth,ميمون غاردنز برج ب,Maimoon Gardens Tower B,1,2024-05-29,قرية جميرا الدائرية,Jumeirah Village Circle,,16640.61,أكاديمية المدينة الرياضية للسباحة,Sports City Swimming Academy,مول الإمارات,Mall of the Emirates,مدينة دبي للإنترنت,Dubai Internet City,1.0,1.0,0.0,89.54,102,بيع - تسجيل مبدئى,Sell - Pre registration,ميمون جاردنز,Maimoon Gardens,2412.0,شقه سكنيه,Flat,60.0,وحدة,Unit,3,سكني,Residential,على الخارطة,Off-Plan Properties,0,,غرفتين,2 B/R,1-102-2024-37753,مبايعات,Sales,1,2026-08-21T18:27:40.000Z,2024-05-29
1086800.0,441,البرشاء جنوب الرابعة,Al Barsha South Fourth,ريزيدنسز من كامدار 105,105 Residences by Kamdar,1,2026-05-07,قرية جميرا الدائرية,Jumeirah Village Circle,,15851.81,أكاديمية المدينة الرياضية للسباحة,Sports City Swimming Academy,مارينا مول,Marina Mall,محطة مترو النخيل,Nakheel Metro Station,1.0,1.0,0.0,68.56,102,بيع - تسجيل مبدئى,Sell - Pre registration,105 ريزيدنسز من كامدار,105 Residences by Kamdar,3310.0,شقه سكنيه,Flat,60.0,وحدة,Unit,3,سكني,Residential,على الخارطة,Off-Plan Properties,0,,غرفة,1 B/R,1-102-2026-41615,مبايعات,Sales,1,2026-08-21T18:27:40.000Z,2026-05-07
1213098.0,441,البرشاء جنوب الرابعة,Al Barsha South Fourth,بارك لين 2 باي هيلبرون,PARK LANE 2 BY HEILBRONN,1,2025-12-01,قرية جميرا الدائرية,Jumeirah Village Circle,,16776.36,أكاديمية المدينة الرياضية للسباحة,Sports City Swimming Academy,مول الإمارات,Mall of the Emirates,مدينة دبي للإنترنت,Dubai Internet City,1.0,1.0,0.0,72.31,102,بيع - تسجيل مبدئى,Sell - Pre registration,بارك لين 2 باي هيلبرون,PARK LANE 2 BY HEILBRONN,3291.0,شقه سكنيه,Flat,60.0,وحدة,Unit,3,سكني,Residential,على الخارطة,Off-Plan Properties,0,,غرفة,1 B/R,1-102-2025-122808,مبايعات,Sales,1,2026-08-21T18:27:40.000Z,2025-12-01
3475000.0,330,مرسى دبي,Marsa Dubai,شورز مارينا,MARINA SHORES,1,2025-12-11,دبي مارينا,Dubai Marina,,32922.79,برج العرب,Burj Al Arab,مارينا مول,Marina Mall,مرسى دبي,Dubai Marina,2.0,1.0,0.0,105.55,102,بيع - تسجيل مبدئى,Sell - Pre registration,مارينا شورز,MARINA SHORES,2425.0,شقه سكنيه,Flat,60.0,وحدة,Unit,3,سكني,Residential,على الخارطة,Off-Plan Properties,0,,غرفتين,2 B/R,1-102-2025-126662,مبايعات,Sales,1,2026-08-21T18:27:40.000Z,2025-12-11
3838800.0,410,نخلة جميرا,Palm Jumeirah,بالم بيتش تاورز - 3,PALM BEACH TOWERS- 3,1,2023-01-09,نخلة جميرا,Palm Jumeirah,,38592.54,برج العرب,Burj Al Arab,مارينا مول,Marina Mall,نخلة جميرا,Palm Jumeirah,1.0,1.0,0.0,99.47,102,بيع - تسجيل مبدئى,Sell - Pre registration,بالم بيتش تاورز - 3,Palm Beach Towers -3,2449.0,شقه سكنيه,Flat,60.0,وحدة,Unit,3,سكني,Residential,على الخارطة,Off-Plan Properties,0,,غرفة,1 B/R,1-102-2023-1344,مبايعات,Sales,1,2026-08-21T18:27:40.000Z,2023-01-09
410000.0,441,البرشاء جنوب الرابعة,Al Barsha South Fourth,II بلغرافيا هايتس,Belgravia Heights II,1,2025-04-09,قرية جميرا الدائرية,Jumeirah Village Circle,,10977.24,أكاديمية المدينة الرياضية للسباحة,Sports City Swimming Academy,مول الإمارات,Mall of the Emirates,مدينة دبي للإنترنت,Dubai Internet City,1.0,1.0,0.0,37.35,11,بيع,Sell,II بلغرافيا هايتس,BELGRAVIA HEIGHTS II,2064.0,شقه سكنيه,Flat,60.0,وحدة,Unit,3,سكني,Residential,العقارات القائمة,Existing Properties,1,,غرفة,1 B/R,1-11-2025-14142,مبايعات,Sales,1,2026-08-21T18:27:40.000Z,2025-04-09
2393999.0,526,الخليج التجارى,Business Bay,بن غاطي اكوارايز - تاور سي,Binghatti Aquarise - TOWER C,1,2025-09-02,الخليج التجاري,Business Bay,,28385.1,وسط مدينة دبي,Downtown Dubai,مول دبي,Dubai Mall,محطة مترو الخليج التجاري,Business Bay Metro Station,1.0,1.0,0.0,84.34,102,بيع - تسجيل مبدئى,Sell - Pre registration,بن غاطي أكوا رايز,Binghatti Aquarise,3585.0,شقه سكنيه,Flat,60.0,وحدة,Unit,3,سكني,Residential,على الخارطة,Off-Plan Properties,0,,غرفة,1 B/R,1-102-2025-83871,مبايعات,Sales,1,2026-08-21T18:27:40.000Z,2025-09-02
1550000.0,330,مرسى دبي,Marsa Dubai,دبي مارينا مول هوتيل,Dubai Marina Mall Hotel,0,2026-01-16,دبي مارينا,Dubai Marina,,30614.26,برج العرب,Burj Al Arab,مارينا مول,Marina Mall,محطة مترو مارينا مول,Marina Mall Metro Station,1.0,1.0,0.0,50.63,11,بيع,Sell,دبي مارينا مول,DUBAI MARINA MALL,1460.0,شقه سكنيه,Flat,60.0,وحدة,Unit,3,سكني,Residential,العقارات القائمة,Existing Properties,1,,استوديو,Studio,1-11-2026-2138,مبايعات,Sales,1,2026-08-21T18:27:40.000Z,2026-01-16
1285888.0,482,حدائق الشيخ محمد بن راشد,Hadaeq Sheikh Mohammed Bin Rashid,إلفيرا 1,Elvira 1,1,2023-03-06,دبي هيلز استيت,Dubai Hills Estate,,19957.91,,,,,,,1.0,1.0,0.0,64.43,102,بيع - تسجيل مبدئى,Sell - Pre registration,الفيرا,Elvira,2536.0,شقه سكنيه,Flat,60.0,وحدة,Unit,3,سكني,Residential,على الخارطة,Off-Plan Properties,0,,غرفة,1 B/R,1-102-2023-10672,مبايعات,Sales,1,2026-08-21T18:27:40.000Z,2023-03-06
820000.0,526,الخليج التجارى,Business Bay,بريفه باي  داماك (بي),PRIVE BY DAMAC (B),1,2023-10-26,الخليج التجاري,Business Bay,,18730.01,وسط مدينة دبي,Downtown Dubai,مول دبي,Dubai Mall,محطة مترو الخليج التجاري,Business Bay Metro Station,1.0,1.0,0.0,43.78,11,بيع,Sell,بريف من داماك,PRIVE BY DAMAC,1371.0,شقه سكنيه,Flat,60.0,وحدة,Unit,3,سكني,Residential,العقارات القائمة,Existing Properties,1,,استوديو,Studio,1-11-2023-34652,مبايعات,Sales,1,2026-08-21T18:27:40.000Z,2023-10-26
1117440.0,526,الخليج التجارى,Business Bay,برج شيك,CHIC TOWER,1,2023-01-30,الخليج التجاري,Business Bay,,24494.52,,,,,,,1.0,1.0,0.0,45.62,102,بيع - تسجيل مبدئى,Sell - Pre registration,شييك تاور,CHIC TOWER,2460.0,شقه سكنيه,Flat,60.0,وحدة,Unit,3,سكني,Residential,على الخارطة,Off-Plan Properties,0,,استوديو,Studio,1-102-2023-4467,مبايعات,Sales,1,2026-08-21T18:27:40.000Z,2023-01-30
1153999.0,526,الخليج التجارى,Business Bay,بن غاطي اكوارايز - تاور ايه,Binghatti Aquarise - TOWER A,1,2025-10-01,الخليج التجاري,Business Bay,,26467.87,وسط مدينة دبي,Downtown Dubai,مول دبي,Dubai Mall,محطة مترو الخليج التجاري,Business Bay Metro Station,1.0,2.0,0.0,43.6,102,بيع - تسجيل مبدئى,Sell - Pre registration,بن غاطي أكوا رايز,Binghatti Aquarise,3585.0,شقه سكنيه,Flat,60.0,وحدة,Unit,3,سكني,Residential,على الخارطة,Off-Plan Properties,0,,استوديو,Studio,1-102-2025-97517,مبايعات,Sales,1,2026-08-21T18:27:40.000Z,2025-10-01
400000.0,441,البرشاء جنوب الرابعة,Al Barsha South Fourth,نايتس برديج كورت,KNIGHTSBRIDGE COURT,1,2024-10-01,قرية جميرا الدائرية,Jumeirah Village Circle,,9528.35,أكاديمية المدينة الرياضية للسباحة,Sports City Swimming Academy,مارينا مول,Marina Mall,محطة مترو النخيل,Nakheel Metro Station,1.0,1.0,0.0,41.98,11,بيع,Sell,نايت بريدج كورت آند كينسنجتون مانور,KNIGHT BRIDGE COURT & KENSNGTON MANOR,637.0,شقه سكنيه,Flat,60.0,وحدة,Unit,3,سكني,Residential,العقارات القائمة,Existing Properties,1,,استوديو,Studio,1-11-2024-36986,مبايعات,Sales,1,2026-08-21T18:27:40.000Z,2024-10-01
909880.0,441,البرشاء جنوب الرابعة,Al Barsha South Fourth,سيرينز من دانوب - تاور بي,Serenz by Danube - TOWER B,1,2026-06-23,قرية جميرا الدائرية,Jumeirah Village Circle,,22895.82,أكاديمية المدينة الرياضية للسباحة,Sports City Swimming Academy,مارينا مول,Marina Mall,محطة مترو النخيل,Nakheel Metro Station,1.0,1.0,0.0,39.74,102,بيع - تسجيل مبدئى,Sell - Pre registration,سيرنز من دانوب,Serenz by Danube,4338.0,شقه سكنيه,Flat,60.0,وحدة,Unit,3,سكني,Residential,على الخارطة,Off-Plan Properties,0,,استوديو,Studio,1-102-2026-55660,مبايعات,Sales,1,2026-08-21T18:27:40.000Z,2026-06-23
615973.0,441,البرشاء جنوب الرابعة,Al Barsha South Fourth,لوما22 - ويست تاور,Luma22 - West Tower,1,2023-09-27,قرية جميرا الدائرية,Jumeirah Village Circle,,15543.1,أكاديمية المدينة الرياضية للسباحة,Sports City Swimming Academy,مول الإمارات,Mall of the Emirates,مدينة دبي للإنترنت,Dubai Internet City,1.0,1.0,0.0,39.63,102,بيع - تسجيل مبدئى,Sell - Pre registration,لوما22,Luma22,2518.0,شقه سكنيه,Flat,60.0,وحدة,Unit,3,سكني,Residential,على الخارطة,Off-Plan Properties,0,,استوديو,Studio,1-102-2023-50631,مبايعات,Sales,1,2026-08-21T18:27:40.000Z,2023-09-27
993916.0,441,البرشاء جنوب الرابعة,Al Barsha South Fourth,افالين ريزيدنس باي سيتي ديفلوبر,Aveline Residencies by Citi Developer,1,2024-12-06,قرية جميرا الدائرية,Jumeirah Village Circle,,14350.51,أكاديمية المدينة الرياضية للسباحة,Sports City Swimming Academy,مول الإمارات,Mall of the Emirates,مدينة دبي للإنترنت,Dubai Internet City,1.0,2.0,0.0,69.26,102,بيع - تسجيل مبدئى,Sell - Pre registration,افيلين ريزيدنسز من سيتي ديفيلوبرز,Aveline Residences by Citi Developers,2864.0,شقه سكنيه,Flat,60.0,وحدة,Unit,3,سكني,Residential,على الخارطة,Off-Plan Properties,0,,غرفة,1 B/R,1-102-2024-101376,مبايعات,Sales,1,2026-08-21T18:27:40.000Z,2024-12-06
585000.0,441,البرشاء جنوب الرابعة,Al Barsha South Fourth,نايتس برديج كورت,KNIGHTSBRIDGE COURT,1,2025-10-22,قرية جميرا الدائرية,Jumeirah Village Circle,,8620.69,أكاديمية المدينة الرياضية للسباحة,Sports City Swimming Academy,مارينا مول,Marina Mall,محطة مترو النخيل,Nakheel Metro Station,1.0,1.0,0.0,67.86,11,بيع,Sell,نايت بريدج كورت آند كينسنجتون مانور,KNIGHT BRIDGE COURT & KENSNGTON MANOR,637.0,شقه سكنيه,Flat,60.0,وحدة,Unit,3,سكني,Residential,العقارات القائمة,Existing Properties,1,,غرفة,1 B/R,1-11-2025-44070,مبايعات,Sales,1,2026-08-21T18:27:40.000Z,2025-10-22
3350000.0,390,برج خليفة,Burj Khalifa,فورته T1,Forte T1,1,2026-01-09,داون تاون دبي,DownTown Dubai,,32499.03,برج خليفة,Burj Khalifa,مول دبي,Dubai Mall,محطة مترو بوج خليفة دبي مول,Buj Khalifa Dubai Mall Metro Station,2.0,1.0,0.0,103.08,11,بيع,Sell,فورتي,FORTE,1660.0,شقه سكنيه,Flat,60.0,وحدة,Unit,3,سكني,Residential,العقارات القائمة,Existing Properties,1,,غرفتين,2 B/R,1-11-2026-1068,مبايعات,Sales,1,2026-08-21T18:27:40.000Z,2026-01-09
1355000.0,441,البرشاء جنوب الرابعة,Al Barsha South Fourth,ريفييرا لودج,Riviera Lodge,1,2024-12-25,قرية جميرا الدائرية,Jumeirah Village Circle,,14450.25,أكاديمية المدينة الرياضية للسباحة,Sports City Swimming Academy,مول الإمارات,Mall of the Emirates,مدينة دبي للإنترنت,Dubai Internet City,1.0,1.0,0.0,93.77,102,بيع - تسجيل مبدئى,Sell - Pre registration,لودج رسيدانس من ريفيرا ازوري,Lodge Residences by Riviera Azure,3227.0,شقه سكنيه,Flat,60.0,وحدة,Unit,3,سكني,Residential,على الخارطة,Off-Plan Properties,0,,غرفة,1 B/R,1-102-2024-108057,مبايعات,Sales,1,2026-08-21T18:27:40.000Z,2024-12-25
3494292.0,390,برج خليفة,Burj Khalifa,روف هوم ريزيدنس من ايرث,ROVE HOME RESIDENCES by IRTH,1,2024-02-12,داون تاون دبي,DownTown Dubai,,31485.78,وسط مدينة دبي,Downtown Dubai,مول دبي,Dubai Mall,محطة مترو الخليج التجاري,Business Bay Metro Station,1.0,1.0,0.0,110.98,102,بيع - تسجيل مبدئى,Sell - Pre registration,رو? مساكن المنزل من ?رث,ROVE HOME RESIDENCES by IRTH,2738.0,شقه سكنيه,Flat,60.0,وحدة,Unit,3,سكني,Residential,على الخارطة,Off-Plan Properties,0,,غرفتين,2 B/R,1-102-2024-8576,مبايعات,Sales,1,2026-08-21T18:27:40.000Z,2024-02-12
610000.0,442,البرشاء جنوب الخامسة,Al Barsha South Fifth,جرين بارك,Green Park,1,2025-05-14,قرية جميرا المثلثة,Jumeirah Village Triangle,,12847.51,أكاديمية المدينة الرياضية للسباحة,Sports City Swimming Academy,مارينا مول,Marina Mall,عقارات داماك,Damac Properties,1.0,1.0,0.0,47.48,11,بيع,Sell,جرين بارك,GREEN PARK,1123.0,شقه سكنيه,Flat,60.0,وحدة,Unit,3,سكني,Residential,العقارات القائمة,Existing Properties,1,,استوديو,Studio,1-11-2025-20354,مبايعات,Sales,1,2026-08-21T18:27:40.000Z,2025-05-14
5600000.0,330,مرسى دبي,Marsa Dubai,تايم بلاس تاور,TIME PLACE TOWER,1,2024-04-24,دبي مارينا,Dubai Marina,,14667.75,برج العرب,Burj Al Arab,مارينا مول,Marina Mall,مرسى دبي,Dubai Marina,2.0,2.0,0.0,381.79,11,بيع,Sell,,,,شقه سكنيه,Flat,60.0,وحدة,Unit,3,سكني,Residential,العقارات القائمة,Existing Properties,1,,بنتهاوس,PENTHOUSE,1-11-2024-14004,مبايعات,Sales,1,2026-08-21T18:27:40.000Z,2024-04-24
610000.0,442,البرشاء جنوب الخامسة,Al Barsha South Fifth,كافنديش سكوير,CAVENDISH SQUARE,1,2024-11-14,قرية جميرا المثلثة,Jumeirah Village Triangle,,15272.91,أكاديمية المدينة الرياضية للسباحة,Sports City Swimming Academy,مارينا مول,Marina Mall,عقارات داماك,Damac Properties,1.0,2.0,0.0,39.94,102,بيع - تسجيل مبدئى,Sell - Pre registration,كافنديش سكوير,Cavendish Square,2866.0,شقه سكنيه,Flat,60.0,وحدة,Unit,3,سكني,Residential,على الخارطة,Off-Plan Properties,0,,استوديو,Studio,1-102-2024-96207,مبايعات,Sales,1,2026-08-21T18:27:40.000Z,2024-11-14
2059000.0,441,البرشاء جنوب الرابعة,Al Barsha South Fourth,إليجنز 5 من دانوب,Eleganz 5 By Danube,1,2024-01-22,قرية جميرا الدائرية,Jumeirah Village Circle,,17434.38,أكاديمية المدينة الرياضية للسباحة,Sports City Swimming Academy,مارينا مول,Marina Mall,محطة مترو النخيل,Nakheel Metro Station,1.0,1.0,0.0,118.1,41,بيع مبدئى,Delayed Sell,,,,شقه سكنيه,Flat,60.0,وحدة,Unit,3,سكني,Residential,العقارات القائمة,Existing Properties,1,,غرفتين,2 B/R,1-41-2024-1495,مبايعات,Sales,1,2026-08-21T18:27:40.000Z,2024-01-22
473863.0,442,البرشاء جنوب الخامسة,Al Barsha South Fifth,برج الجوهرة,AL JAWHARA TOWER,1,2025-01-28,قرية جميرا المثلثة,Jumeirah Village Triangle,,11154.98,أكاديمية المدينة الرياضية للسباحة,Sports City Swimming Academy,مارينا مول,Marina Mall,أبراج بحيرات جميرا,Jumeirah Lakes Towers,1.0,1.0,0.0,42.48,11,بيع,Sell,برج الجوهرة,AL JAWHARA TOWER,1782.0,شقه سكنيه,Flat,60.0,وحدة,Unit,3,سكني,Residential,العقارات القائمة,Existing Properties,1,,استوديو,Studio,1-11-2025-3366,مبايعات,Sales,1,2026-08-21T18:27:40.000Z,2025-01-28
940000.0,441,البرشاء جنوب الرابعة,Al Barsha South Fourth,ستونهنج رزيدنز,Stonehenge Residences,1,2025-07-17,قرية جميرا الدائرية,Jumeirah Village Circle,,14621.25,أكاديمية المدينة الرياضية للسباحة,Sports City Swimming Academy,مارينا مول,Marina Mall,مدينة دبي للإنترنت,Dubai Internet City,1.0,1.0,0.0,64.29,102,بيع - تسجيل مبدئى,Sell - Pre registration,ستونج ريزيدنس,STONEHENGE RESIDENCES,2575.0,شقه سكنيه,Flat,60.0,وحدة,Unit,3,سكني,Residential,على الخارطة,Off-Plan Properties,0,,غرفة,1 B/R,1-102-2025-63958,مبايعات,Sales,1,2026-08-21T18:27:40.000Z,2025-07-17
1205888.0,441,البرشاء جنوب الرابعة,Al Barsha South Fourth,بن غاطي سيركل,Binghatti Circle,1,2025-09-17,قرية جميرا الدائرية,Jumeirah Village Circle,,17029.92,أكاديمية المدينة الرياضية للسباحة,Sports City Swimming Academy,مارينا مول,Marina Mall,مدينة دبي للإنترنت,Dubai Internet City,1.0,1.0,0.0,70.81,102,بيع - تسجيل مبدئى,Sell - Pre registration,بن غاطي سيركل,Binghatti Circle,3819.0,شقه سكنيه,Flat,60.0,وحدة,Unit,3,سكني,Residential,على الخارطة,Off-Plan Properties,0,,غرفة,1 B/R,1-102-2025-89414,مبايعات,Sales,1,2026-08-21T18:27:40.000Z,2025-09-17
2337498.0,526,الخليج التجارى,Business Bay,بن غاطي سكاي رايز - تاور ايه,Binghatti Skyrise - TOWER A,1,2025-09-16,الخليج التجاري,Business Bay,,30286.33,وسط مدينة دبي,Downtown Dubai,مول دبي,Dubai Mall,محطة مترو الخليج التجاري,Business Bay Metro Station,1.0,1.0,0.0,77.18,102,بيع - تسجيل مبدئى,Sell - Pre registration,بن غاطي سكاي رايز,Binghatti Skyrise,3349.0,شقه سكنيه,Flat,60.0,وحدة,Unit,3,سكني,Residential,على الخارطة,Off-Plan Properties,0,,غرفة,1 B/R,1-102-2025-89245,مبايعات,Sales,1,2026-08-21T18:27:40.000Z,2025-09-16
1750000.0,390,برج خليفة,Burj Khalifa,ميسكا 3,MISKA 3,1,2025-06-02,داون تاون دبي,DownTown Dubai,,19724.98,وسط مدينة دبي,Downtown Dubai,مول دبي,Dubai Mall,محطة مترو بوج خليفة دبي مول,Buj Khalifa Dubai Mall Metro Station,1.0,1.0,0.0,88.72,11,بيع,Sell,,,,شقه سكنيه,Flat,60.0,وحدة,Unit,3,سكني,Residential,العقارات القائمة,Existing Properties,1,,غرفة,1 B/R,1-11-2025-23137,مبايعات,Sales,1,2026-08-21T18:27:40.000Z,2025-06-02
1034725.0,441,البرشاء جنوب الرابعة,Al Barsha South Fourth,جوار من بدر,JEEWAR by Badr,1,2025-10-09,قرية جميرا الدائرية,Jumeirah Village Circle,,15680.03,أكاديمية المدينة الرياضية للسباحة,Sports City Swimming Academy,مول الإمارات,Mall of the Emirates,مدينة دبي للإنترنت,Dubai Internet City,2.0,1.0,0.0,65.99,460,بيع مقيد بسنوات الدفع,Sale On Payment Plan,,,,شقه سكنيه,Flat,60.0,وحدة,Unit,3,سكني,Residential,العقارات القائمة,Existing Properties,1,,غرفة,1 B/R,1-460-2025-519,مبايعات,Sales,1,2026-08-21T18:27:40.000Z,2025-10-09
1170000.0,526,الخليج التجارى,Business Bay,بن غاطي سكاي رايز - تاور بي,Binghatti Skyrise - TOWER B,1,2025-04-07,الخليج التجاري,Business Bay,,28023.95,وسط مدينة دبي,Downtown Dubai,مول دبي,Dubai Mall,محطة مترو الخليج التجاري,Business Bay Metro Station,1.0,1.0,0.0,41.75,102,بيع - تسجيل مبدئى,Sell - Pre registration,بن غاطي سكاي رايز,Binghatti Skyrise,3349.0,شقه سكنيه,Flat,60.0,وحدة,Unit,3,سكني,Residential,على الخارطة,Off-Plan Properties,0,,استوديو,Studio,1-102-2025-27548,مبايعات,Sales,1,2026-08-21T18:27:40.000Z,2025-04-07
910000.0,441,البرشاء جنوب الرابعة,Al Barsha South Fourth,بن غاطي كريست,Binghatti Crest,1,2025-10-13,قرية جميرا الدائرية,Jumeirah Village Circle,,15304.41,أكاديمية المدينة الرياضية للسباحة,Sports City Swimming Academy,مارينا مول,Marina Mall,محطة مترو النخيل,Nakheel Metro Station,2.0,1.0,0.0,59.46,11,بيع,Sell,بن غاطي كريست,Binghatti Crest,2473.0,شقه سكنيه,Flat,60.0,وحدة,Unit,3,سكني,Residential,العقارات القائمة,Existing Properties,1,,غرفة,1 B/R,1-11-2025-42621,مبايعات,Sales,1,2026-08-21T18:27:40.000Z,2025-10-13
1414993.0,441,البرشاء جنوب الرابعة,Al Barsha South Fourth,افالين ريزيدنس باي سيتي ديفلوبر,Aveline Residencies by Citi Developer,1,2024-05-07,قرية جميرا الدائرية,Jumeirah Village Circle,,14369.79,أكاديمية المدينة الرياضية للسباحة,Sports City Swimming Academy,مول الإمارات,Mall of the Emirates,مدينة دبي للإنترنت,Dubai Internet City,1.0,1.0,0.0,98.47,102,بيع - تسجيل مبدئى,Sell - Pre registration,افيلين ريزيدنسز من سيتي ديفيلوبرز,Aveline Residences by Citi Developers,2864.0,شقه سكنيه,Flat,60.0,وحدة,Unit,3,سكني,Residential,على الخارطة,Off-Plan Properties,0,,غرفتين,2 B/R,1-102-2024-29328,مبايعات,Sales,1,2026-08-21T18:27:40.000Z,2024-05-07
870828.0,441,البرشاء جنوب الرابعة,Al Barsha South Fourth,هاملتون هاوس,HAMILTON HOUSE,1,2023-04-07,قرية جميرا الدائرية,Jumeirah Village Circle,,12138.67,أكاديمية المدينة الرياضية للسباحة,Sports City Swimming Academy,مارينا مول,Marina Mall,محطة مترو النخيل,Nakheel Metro Station,1.0,1.0,0.0,71.74,102,بيع - تسجيل مبدئى,Sell - Pre registration,هاملتون هاوس,HAMILTON HOUSE,2538.0,شقه سكنيه,Flat,60.0,وحدة,Unit,3,سكني,Residential,على الخارطة,Off-Plan Properties,0,,غرفة,1 B/R,1-102-2023-17134,مبايعات,Sales,1,2026-08-21T18:27:40.000Z,2023-04-07
3000000.0,330,مرسى دبي,Marsa Dubai,بارك ايلاند بونير,PARK ISLAND BONAIRE,1,2025-11-26,دبي مارينا,Dubai Marina,,23973.15,برج العرب,Burj Al Arab,مارينا مول,Marina Mall,مساكن شاطئ الجميرا,Jumeirah Beach Resdency,1.0,2.0,0.0,125.14,11,بيع,Sell,جزر المتنزه,PARK ISLANDS,1458.0,شقه سكنيه,Flat,60.0,وحدة,Unit,3,سكني,Residential,العقارات القائمة,Existing Properties,1,,غرفتين,2 B/R,1-11-2025-49726,مبايعات,Sales,1,2026-08-21T18:27:40.000Z,2025-11-26
846873.0,442,البرشاء جنوب الخامسة,Al Barsha South Fifth,لومينار تاور وان,Luminar Tower 1,1,2024-12-09,قرية جميرا المثلثة,Jumeirah Village Triangle,,15741.13,أكاديمية المدينة الرياضية للسباحة,Sports City Swimming Academy,مارينا مول,Marina Mall,أبراج بحيرات جميرا,Jumeirah Lakes Towers,1.0,1.0,0.0,53.8,102,بيع - تسجيل مبدئى,Sell - Pre registration,لومينار تاور وان,Luminar Tower 1,3183.0,شقه سكنيه,Flat,60.0,وحدة,Unit,3,سكني,Residential,على الخارطة,Off-Plan Properties,0,,غرفة,1 B/R,1-102-2024-102475,مبايعات,Sales,1,2026-08-21T18:27:40.000Z,2024-12-09
975000.0,526,الخليج التجارى,Business Bay,بن غاطي سكاي رايز - تاور ايه,Binghatti Skyrise - TOWER A,1,2024-12-30,الخليج التجاري,Business Bay,,23358.89,وسط مدينة دبي,Downtown Dubai,مول دبي,Dubai Mall,محطة مترو الخليج التجاري,Business Bay Metro Station,1.0,1.0,0.0,41.74,102,بيع - تسجيل مبدئى,Sell - Pre registration,بن غاطي سكاي رايز,Binghatti Skyrise,3349.0,شقه سكنيه,Flat,60.0,وحدة,Unit,3,سكني,Residential,على الخارطة,Off-Plan Properties,0,,استوديو,Studio,1-102-2024-109975,مبايعات,Sales,1,2026-08-21T18:27:40.000Z,2024-12-30
5054000.0,330,مرسى دبي,Marsa Dubai,رزيدنسز في دبي هاربر  - البرج 1 W,W Residences At Dubai Harbour - Tower 1,1,2025-09-04,دبي هاربر,Dubai Harbour,,50188.68,,,,,,,1.0,2.0,0.0,100.7,102,بيع - تسجيل مبدئى,Sell - Pre registration,رزيدنسز في دبي هاربر W,W Residences at Dubai Harbour,3317.0,شقه سكنيه,Flat,60.0,وحدة,Unit,3,سكني,Residential,على الخارطة,Off-Plan Properties,0,,غرفة,1 B/R,1-102-2025-84598,مبايعات,Sales,1,2026-08-21T18:27:40.000Z,2025-09-04
2000000.0,330,مرسى دبي,Marsa Dubai,بيتش مانشن - تاور 2,BEACH MANSION - TOWER 2,1,2023-02-08,دبي هاربر,Dubai Harbour,,26979.63,,,,,,,4.0,1.0,0.0,74.13,102,بيع - تسجيل مبدئى,Sell - Pre registration,بيتش مانشن,Beach Mansion,2286.0,شقه سكنيه,Flat,60.0,وحدة,Unit,3,سكني,Residential,على الخارطة,Off-Plan Properties,0,,غرفة,1 B/R,1-102-2023-6258,مبايعات,Sales,1,2026-08-21T18:27:40.000Z,2023-02-08
1200000.0,526,الخليج التجارى,Business Bay,ايليت بزنس باي ريذيدنس,Elite Business Bay Residence,1,2025-02-13,الخليج التجاري,Business Bay,,13845.62,وسط مدينة دبي,Downtown Dubai,مول دبي,Dubai Mall,محطة مترو الخليج التجاري,Business Bay Metro Station,1.0,1.0,0.0,86.67,11,بيع,Sell,اليت بزنس باي ريذيدنس,ELITE BUSINESS BAY RESIDENCE,1868.0,شقه سكنيه,Flat,60.0,وحدة,Unit,3,سكني,Residential,العقارات القائمة,Existing Properties,1,,غرفة,1 B/R,1-11-2025-6193,مبايعات,Sales,1,2026-08-21T18:27:40.000Z,2025-02-13
973000.0,441,البرشاء جنوب الرابعة,Al Barsha South Fourth,EATON PLACE,EATON PLACE,1,2024-05-09,قرية جميرا الدائرية,Jumeirah Village Circle,,11849.96,أكاديمية المدينة الرياضية للسباحة,Sports City Swimming Academy,مارينا مول,Marina Mall,محطة مترو النخيل,Nakheel Metro Station,1.0,1.0,0.0,82.11,11,بيع,Sell,إيتون بلايس,EATON PLACE,1871.0,شقه سكنيه,Flat,60.0,وحدة,Unit,3,سكني,Residential,العقارات القائمة,Existing Properties,1,,غرفة,1 B/R,1-11-2024-16060,مبايعات,Sales,1,2026-08-21T18:27:40.000Z,2024-05-09
2200000.0,330,مرسى دبي,Marsa Dubai,وست افينيو,WEST AVENUE,1,2024-04-29,دبي مارينا,Dubai Marina,,18817.89,برج العرب,Burj Al Arab,مارينا مول,Marina Mall,أبراج بحيرات جميرا,Jumeirah Lakes Towers,1.0,1.0,0.0,116.91,11,بيع,Sell,ويست أفنيو,WEST AVENUE,913.0,شقه سكنيه,Flat,60.0,وحدة,Unit,3,سكني,Residential,العقارات القائمة,Existing Properties,1,,غرفتين,2 B/R,1-11-2024-14436,مبايعات,Sales,1,2026-08-21T18:27:40.000Z,2024-04-29
1205828.0,526,الخليج التجارى,Business Bay,ذي باراغون باي اي جي او,The Paragon by IGO,1,2023-01-03,الخليج التجاري,Business Bay,,19667.72,وسط مدينة دبي,Downtown Dubai,مول دبي,Dubai Mall,محطة مترو الخليج التجاري,Business Bay Metro Station,1.0,1.0,0.0,61.31,102,بيع - تسجيل مبدئى,Sell - Pre registration,ذي باراغون باي أي جي أو,The Paragon By IGO,2402.0,شقه سكنيه,Flat,60.0,وحدة,Unit,3,سكني,Residential,على الخارطة,Off-Plan Properties,0,,غرفة,1 B/R,1-102-2023-396,مبايعات,Sales,1,2026-08-21T18:27:40.000Z,2023-01-03
4805810.0,482,حدائق الشيخ محمد بن راشد,Hadaeq Sheikh Mohammed Bin Rashid,جرينكرست تاور,Greencrest Tower,1,2026-03-18,دبي هيلز استيت,Dubai Hills Estate,,27557.83,,,,,,,1.0,1.0,0.0,174.39,102,بيع - تسجيل مبدئى,Sell - Pre registration,جرينكرست,Greencrest,4136.0,شقه سكنيه,Flat,60.0,وحدة,Unit,3,سكني,Residential,على الخارطة,Off-Plan Properties,0,,ثلاث غرف,3 B/R,1-102-2026-26834,مبايعات,Sales,1,2026-08-21T18:27:40.000Z,2026-03-18
1100000.0,441,البرشاء جنوب الرابعة,Al Barsha South Fourth,األي?أ بارك ريزيدنس باي ايفيرا,Olivo Park Residences by Evera,1,2025-02-13,قرية جميرا الدائرية,Jumeirah Village Circle,,15750.29,أكاديمية المدينة الرياضية للسباحة,Sports City Swimming Academy,مول الإمارات,Mall of the Emirates,مدينة دبي للإنترنت,Dubai Internet City,1.0,1.0,0.0,69.84,102,بيع - تسجيل مبدئى,Sell - Pre registration,OLIVO PARK RESIDENCES BY EVERA,OLIVO PARK RESIDENCES BY EVERA,3338.0,شقه سكنيه,Flat,60.0,وحدة,Unit,3,سكني,Residential,على الخارطة,Off-Plan Properties,0,,غرفة,1 B/R,1-102-2025-12003,مبايعات,Sales,1,2026-08-21T18:27:40.000Z,2025-02-13
2800000.0,482,حدائق الشيخ محمد بن راشد,Hadaeq Sheikh Mohammed Bin Rashid,,,0,2024-10-21,حدائق الشيخ محمد بن راشد - ديستركت 7,HADAEQ SHEIKH MOHAMMED BIN RASHID - DISRICT 7,,21367.52,,,,,,,2.0,1.0,0.0,131.04,11,بيع,Sell,ماج آي المرحلة 1,MAG EYE Phase 1,2033.0,فيلا,Villa,4.0,فيلا,Villa,4,سكني,Residential,العقارات القائمة,Existing Properties,1,,غرفتين,2 B/R,1-11-2024-39958,مبايعات,Sales,1,2026-08-21T18:27:40.000Z,2024-10-21
1728687.0,482,حدائق الشيخ محمد بن راشد,Hadaeq Sheikh Mohammed Bin Rashid,399 هيلز بارك ب,399 Hills Park B,1,2023-07-19,دبي هيلز استيت,Dubai Hills Estate,,18298.8,قرية عالمية,Global Village,مول الإمارات,Mall of the Emirates,محطة مترو بنك أبوظبي الأول,First Abu Dhabi Bank Metro Station,1.0,1.0,0.0,94.47,102,بيع - تسجيل مبدئى,Sell - Pre registration,399 هيلز بارك ب,399 Hills Park B,2510.0,شقه سكنيه,Flat,60.0,وحدة,Unit,3,سكني,Residential,على الخارطة,Off-Plan Properties,0,,غرفة,1 B/R,1-102-2023-34362,مبايعات,Sales,1,2026-08-21T18:27:40.000Z,2023-07-19
6617888.0,330,مرسى دبي,Marsa Dubai,سى بوينت البرج 1,SEAPOINT Tower 1,1,2023-07-17,دبي هاربر,Dubai Harbour,,61135.22,,,,,,,1.0,1.0,0.0,108.25,102,بيع - تسجيل مبدئى,Sell - Pre registration,سي بوينت,SEAPOINT,2633.0,شقه سكنيه,Flat,60.0,وحدة,Unit,3,سكني,Residential,على الخارطة,Off-Plan Properties,0,,غرفتين,2 B/R,1-102-2023-33817,مبايعات,Sales,1,2026-08-21T18:27:40.000Z,2023-07-17
2219000.0,526,الخليج التجارى,Business Bay,كانال هايتس 2,Canal Heights 2,1,2023-08-16,الخليج التجاري,Business Bay,,30802.33,وسط مدينة دبي,Downtown Dubai,مول دبي,Dubai Mall,محطة مترو الخليج التجاري,Business Bay Metro Station,1.0,1.0,0.0,72.04,102,بيع - تسجيل مبدئى,Sell - Pre registration,قنال هايتس 2,CANAL HEIGHTS 2,2615.0,شقه سكنيه,Flat,60.0,وحدة,Unit,3,سكني,Residential,على الخارطة,Off-Plan Properties,0,,غرفة,1 B/R,1-102-2023-39710,مبايعات,Sales,1,2026-08-21T18:27:40.000Z,2023-08-16
986034.0,441,البرشاء جنوب الرابعة,Al Barsha South Fourth,سافاير 32 من دار الكرامة,Sapphire 32 By Dar Alkarama,1,2024-04-05,قرية جميرا الدائرية,Jumeirah Village Circle,,13535.13,أكاديمية المدينة الرياضية للسباحة,Sports City Swimming Academy,مول الإمارات,Mall of the Emirates,مدينة دبي للإنترنت,Dubai Internet City,1.0,1.0,0.0,72.85,102,بيع - تسجيل مبدئى,Sell - Pre registration,Sapphire 32 by Dar Alkarama,Sapphire 32 by Dar Alkarama,2757.0,شقه سكنيه,Flat,60.0,وحدة,Unit,3,سكني,Residential,على الخارطة,Off-Plan Properties,0,,غرفة,1 B/R,1-102-2024-21842,مبايعات,Sales,1,2026-08-21T18:27:40.000Z,2024-04-05
2560000.0,526,الخليج التجارى,Business Bay,اوندا باي كاسكو,ONDA BY KASCO,1,2025-01-30,الخليج التجاري,Business Bay,,21230.72,وسط مدينة دبي,Downtown Dubai,مول دبي,Dubai Mall,محطة مترو الخليج التجاري,Business Bay Metro Station,1.0,1.0,0.0,120.58,102,بيع - تسجيل مبدئى,Sell - Pre registration,اوندا - كاسكو,ONDA BY KASCO,3052.0,شقه سكنيه,Flat,60.0,وحدة,Unit,3,سكني,Residential,على الخارطة,Off-Plan Properties,0,,غرفتين,2 B/R,1-102-2025-7144,مبايعات,Sales,1,2026-08-21T18:27:40.000Z,2025-01-30
1030000.0,330,مرسى دبي,Marsa Dubai,سباركل تاور 3,Sparkle Tower 3,1,2025-12-03,دبي مارينا,Dubai Marina,,28242.39,برج العرب,Burj Al Arab,مارينا مول,Marina Mall,مساكن شاطئ جميرا,Jumeirah Beach Residency,1.0,1.0,0.0,36.47,11,بيع,Sell,أبراج سباركل,SPARKLE TOWERS,1551.0,شقه سكنيه,Flat,60.0,وحدة,Unit,3,سكني,Residential,العقارات القائمة,Existing Properties,1,,استوديو,Studio,1-11-2025-50489,مبايعات,Sales,1,2026-08-21T18:27:40.000Z,2025-12-03
3270000.0,482,حدائق الشيخ محمد بن راشد,Hadaeq Sheikh Mohammed Bin Rashid,D بارك بوينت مبنى,Park Point Building D,1,2024-05-01,دبي هيلز استيت,Dubai Hills Estate,,21459.51,برج العرب,Burj Al Arab,مول الإمارات,Mall of the Emirates,محطة مترو بنك أبوظبي الأول,First Abu Dhabi Bank Metro Station,2.0,1.0,0.0,152.38,11,بيع,Sell,بارك بوينت,Park Point,1812.0,شقه سكنيه,Flat,60.0,وحدة,Unit,3,سكني,Residential,العقارات القائمة,Existing Properties,1,,ثلاث غرف,3 B/R,1-11-2024-14874,مبايعات,Sales,1,2026-08-21T18:27:40.000Z,2024-05-01
737109.0,441,البرشاء جنوب الرابعة,Al Barsha South Fourth,برج الأقصر من امتياز,LUXOR TOWER BY IMTIAZ,1,2024-01-26,قرية جميرا الدائرية,Jumeirah Village Circle,,18665.73,أكاديمية المدينة الرياضية للسباحة,Sports City Swimming Academy,مارينا مول,Marina Mall,محطة مترو النخيل,Nakheel Metro Station,1.0,2.0,0.0,39.49,102,بيع - تسجيل مبدئى,Sell - Pre registration,برج لكسورمن امتياز,Luxur Tower By Imtiaz,2770.0,شقه سكنيه,Flat,60.0,وحدة,Unit,3,سكني,Residential,على الخارطة,Off-Plan Properties,0,,استوديو,Studio,1-102-2024-5131,مبايعات,Sales,1,2026-08-21T18:27:40.000Z,2024-01-26
11175360.0,330,مرسى دبي,Marsa Dubai,رزيدنسز في دبي هاربر  - البرج 1 W,W Residences At Dubai Harbour - Tower 1,1,2025-03-07,دبي هاربر,Dubai Harbour,,45798.78,,,,,,,1.0,1.0,0.0,244.01,102,بيع - تسجيل مبدئى,Sell - Pre registration,رزيدنسز في دبي هاربر W,W Residences at Dubai Harbour,3317.0,شقه سكنيه,Flat,60.0,وحدة,Unit,3,سكني,Residential,على الخارطة,Off-Plan Properties,0,,ثلاث غرف,3 B/R,1-102-2025-19072,مبايعات,Sales,1,2026-08-21T18:27:40.000Z,2025-03-07
1570000.0,526,الخليج التجارى,Business Bay,أحد ريزيدانسز,Ahad Residences,1,2024-02-23,الخليج التجاري,Business Bay,,20138.53,وسط مدينة دبي,Downtown Dubai,مول دبي,Dubai Mall,محطة مترو الخليج التجاري,Business Bay Metro Station,1.0,1.0,0.0,77.96,11,بيع,Sell,أحد ريزيدانسز,Ahad Residences,2302.0,شقه سكنيه,Flat,60.0,وحدة,Unit,3,سكني,Residential,العقارات القائمة,Existing Properties,1,,غرفة,1 B/R,1-11-2024-6684,مبايعات,Sales,1,2026-08-21T18:27:40.000Z,2024-02-23
974999.0,441,البرشاء جنوب الرابعة,Al Barsha South Fourth,بن غاطي روبي,Binghatti Ruby,1,2025-08-19,قرية جميرا الدائرية,Jumeirah Village Circle,,25383.99,أكاديمية المدينة الرياضية للسباحة,Sports City Swimming Academy,مول الإمارات,Mall of the Emirates,مدينة دبي للإنترنت,Dubai Internet City,1.0,1.0,0.0,38.41,102,بيع - تسجيل مبدئى,Sell - Pre registration,بن غاطي روبي,Binghatti Ruby,3533.0,شقه سكنيه,Flat,60.0,وحدة,Unit,3,سكني,Residential,على الخارطة,Off-Plan Properties,0,,استوديو,Studio,1-102-2025-77055,مبايعات,Sales,1,2026-08-21T18:27:40.000Z,2025-08-19
2406612.0,330,مرسى دبي,Marsa Dubai,فرانك مولر فانغارد,Franck Muller Vanguard,1,2025-07-17,تيكوم سايت د,TECOM Site D,,27236.44,برج العرب,Burj Al Arab,مارينا مول,Marina Mall,ابراج مارينا,Marina Towers,1.0,1.0,0.0,88.36,102,بيع - تسجيل مبدئى,Sell - Pre registration,فرانك مولر فانغارد,Franck muller Vanguard,3202.0,شقه سكنيه,Flat,60.0,وحدة,Unit,3,سكني,Residential,على الخارطة,Off-Plan Properties,0,,غرفتين,2 B/R,1-102-2025-63840,مبايعات,Sales,1,2026-08-21T18:27:40.000Z,2025-07-17
2948888.0,482,حدائق الشيخ محمد بن راشد,Hadaeq Sheikh Mohammed Bin Rashid,B هيلسيدج المبنى,Hillsedge Tower B,1,2025-03-11,دبي هيلز استيت,Dubai Hills Estate,,27848.6,,,,,,,1.0,1.0,0.0,105.89,102,بيع - تسجيل مبدئى,Sell - Pre registration,هيلسيدج,Hillsedge,3411.0,شقه سكنيه,Flat,60.0,وحدة,Unit,3,سكني,Residential,على الخارطة,Off-Plan Properties,0,,غرفتين,2 B/R,1-102-2025-20292,مبايعات,Sales,1,2026-08-21T18:27:40.000Z,2025-03-11
479904.0,441,البرشاء جنوب الرابعة,Al Barsha South Fourth,اليزيه 3 من بانثيون,ELYSEE lll BY PANTHEON,1,2024-12-23,قرية جميرا الدائرية,Jumeirah Village Circle,,11614.33,أكاديمية المدينة الرياضية للسباحة,Sports City Swimming Academy,مارينا مول,Marina Mall,محطة مترو النخيل,Nakheel Metro Station,1.0,1.0,0.0,41.32,102,بيع - تسجيل مبدئى,Sell - Pre registration,اليزيه 3 من بانثيون,Elysee III by Pantheon,2298.0,شقه سكنيه,Flat,60.0,وحدة,Unit,3,سكني,Residential,على الخارطة,Off-Plan Properties,0,,استوديو,Studio,1-102-2024-107501,مبايعات,Sales,1,2026-08-21T18:27:40.000Z,2024-12-23
7500000.0,410,نخلة جميرا,Palm Jumeirah,سيرينيا ليفينج ? تاور 1,Serenia Living - Tower 1,1,2023-08-11,نخلة جميرا,Palm Jumeirah,,39394.89,برج العرب,Burj Al Arab,مارينا مول,Marina Mall,مينا السياحي,Mina Seyahi,1.0,2.0,0.0,190.38,102,بيع - تسجيل مبدئى,Sell - Pre registration,سيرينيا ليفينج,SERENIA LIVING,2420.0,شقه سكنيه,Flat,60.0,وحدة,Unit,3,سكني,Residential,على الخارطة,Off-Plan Properties,0,,غرفتين,2 B/R,1-102-2023-38648,مبايعات,Sales,1,2026-08-21T18:27:40.000Z,2023-08-11
2304850.0,390,برج خليفة,Burj Khalifa,روف هوم ريزيدنس من ايرث,ROVE HOME RESIDENCES by IRTH,1,2024-02-22,داون تاون دبي,DownTown Dubai,,30821.74,وسط مدينة دبي,Downtown Dubai,مول دبي,Dubai Mall,محطة مترو الخليج التجاري,Business Bay Metro Station,1.0,1.0,0.0,74.78,102,بيع - تسجيل مبدئى,Sell - Pre registration,رو? مساكن المنزل من ?رث,ROVE HOME RESIDENCES by IRTH,2738.0,شقه سكنيه,Flat,60.0,وحدة,Unit,3,سكني,Residential,على الخارطة,Off-Plan Properties,0,,غرفة,1 B/R,1-102-2024-10811,مبايعات,Sales,1,2026-08-21T18:27:40.000Z,2024-02-22
659900.0,441,البرشاء جنوب الرابعة,Al Barsha South Fourth,مايسون اليزيه1,MAISON ELYSEE I,1,2024-07-11,قرية جميرا الدائرية,Jumeirah Village Circle,,18657.05,أكاديمية المدينة الرياضية للسباحة,Sports City Swimming Academy,مول الإمارات,Mall of the Emirates,مدينة دبي للإنترنت,Dubai Internet City,1.0,1.0,0.0,35.37,102,بيع - تسجيل مبدئى,Sell - Pre registration,(  مايسون الاليزيه I ),Maison Elysee I,2905.0,شقه سكنيه,Flat,60.0,وحدة,Unit,3,سكني,Residential,على الخارطة,Off-Plan Properties,0,,استوديو,Studio,1-102-2024-49250,مبايعات,Sales,1,2026-08-21T18:27:40.000Z,2024-07-11
660000.0,441,البرشاء جنوب الرابعة,Al Barsha South Fourth,بن غاطي كورنر,Binghatti Corner,1,2023-03-15,قرية جميرا الدائرية,Jumeirah Village Circle,,10722.99,أكاديمية المدينة الرياضية للسباحة,Sports City Swimming Academy,مارينا مول,Marina Mall,مدينة دبي للإنترنت,Dubai Internet City,1.0,1.0,0.0,61.55,102,بيع - تسجيل مبدئى,Sell - Pre registration,بن غاطي كورنر,Binghatti Corner,2478.0,شقه سكنيه,Flat,60.0,وحدة,Unit,3,سكني,Residential,على الخارطة,Off-Plan Properties,0,,غرفة,1 B/R,1-102-2023-12505,مبايعات,Sales,1,2026-08-21T18:27:40.000Z,2023-03-15
765000.0,441,البرشاء جنوب الرابعة,Al Barsha South Fourth,10 أوكسفورد باي ايمان,10 OXFORD by IMAN,1,2025-02-19,قرية جميرا الدائرية,Jumeirah Village Circle,,19134.57,أكاديمية المدينة الرياضية للسباحة,Sports City Swimming Academy,مول الإمارات,Mall of the Emirates,مدينة دبي للإنترنت,Dubai Internet City,1.0,2.0,0.0,39.98,102,بيع - تسجيل مبدئى,Sell - Pre registration,10 اوكسفورد باي ايمان,10 OXFORD by IMAN,2837.0,شقه سكنيه,Flat,60.0,وحدة,Unit,3,سكني,Residential,على الخارطة,Off-Plan Properties,0,,استوديو,Studio,1-102-2025-13403,مبايعات,Sales,1,2026-08-21T18:27:40.000Z,2025-02-19
3206292.0,390,برج خليفة,Burj Khalifa,ذا سانت ريجيز ريزيدنسز - تاور 2,The St. Regis Residences - Tower 2,1,2025-03-21,داون تاون دبي,DownTown Dubai,,25863.45,برج خليفة,Burj Khalifa,مول دبي,Dubai Mall,محطة مترو بوج خليفة دبي مول,Buj Khalifa Dubai Mall Metro Station,1.0,1.0,0.0,123.97,102,بيع - تسجيل مبدئى,Sell - Pre registration,ذا سانت ريجيز ريزيدنسز، داون تاون دبي,"The St. Regis Residences, Downtown Dubai",1816.0,شقه سكنيه,Flat,60.0,وحدة,Unit,3,سكني,Residential,على الخارطة,Off-Plan Properties,0,,غرفتين,2 B/R,1-102-2025-23309,مبايعات,Sales,1,2026-08-21T18:27:40.000Z,2025-03-21
722080.0,441,البرشاء جنوب الرابعة,Al Barsha South Fourth,افانت جارد ريزيدنس 2 من سكاي لاين,AVANT GARDE RESIDENCES II BY SKYLINE,1,2025-10-10,قرية جميرا الدائرية,Jumeirah Village Circle,,17993.52,أكاديمية المدينة الرياضية للسباحة,Sports City Swimming Academy,مول الإمارات,Mall of the Emirates,مدينة دبي للإنترنت,Dubai Internet City,1.0,1.0,0.0,40.13,102,بيع - تسجيل مبدئى,Sell - Pre registration,اوانت جارد  رسيدانس II من سكاي لاين بلدرز للعقارات,AVANT GARDE RESIDENCES II BY SKYLINE,3792.0,شقه سكنيه,Flat,60.0,وحدة,Unit,3,سكني,Residential,على الخارطة,Off-Plan Properties,0,,استوديو,Studio,1-102-2025-101539,مبايعات,Sales,1,2026-08-21T18:27:40.000Z,2025-10-10
3500000.0,482,حدائق الشيخ محمد بن راشد,Hadaeq Sheikh Mohammed Bin Rashid,اكاسيا في بارك هايتس بناية ايه,ACACIA AT PARK HEIGHTS BUILDING A,1,2024-06-04,دبي هيلز استيت,Dubai Hills Estate,,28942.36,برج العرب,Burj Al Arab,مول الإمارات,Mall of the Emirates,محطة مترو بنك أبوظبي الأول,First Abu Dhabi Bank Metro Station,1.0,1.0,0.0,120.93,11,بيع,Sell,أكاسيا أت بارك هايتس,ACACIA AT PARK HEIGHTS,1633.0,شقه سكنيه,Flat,60.0,وحدة,Unit,3,سكني,Residential,العقارات القائمة,Existing Properties,1,,غرفتين,2 B/R,1-11-2024-19991,مبايعات,Sales,1,2026-08-21T18:27:40.000Z,2024-06-04
1263000.0,526,الخليج التجارى,Business Bay,أيكون سيتي (2) ? تاور سي,AYKON CITY (2) -TOWER C,1,2023-07-28,,,,24581.55,وسط مدينة دبي,Downtown Dubai,مول دبي,Dubai Mall,محطة مترو الخليج التجاري,Business Bay Metro Station,1.0,1.0,0.0,51.38,102,بيع - تسجيل مبدئى,Sell - Pre registration,مدينة أيكون 2,AYKON CITY 2,1746.0,شقه سكنيه,Flat,60.0,وحدة,Unit,3,سكني,Residential,على الخارطة,Off-Plan Properties,0,,غرفة,1 B/R,1-102-2023-36005,مبايعات,Sales,1,2026-08-21T18:27:40.000Z,2023-07-28
850000.0,441,البرشاء جنوب الرابعة,Al Barsha South Fourth,بن غاطي رويال,Binghatti Royale,1,2024-11-20,قرية جميرا الدائرية,Jumeirah Village Circle,,9868.8,أكاديمية المدينة الرياضية للسباحة,Sports City Swimming Academy,مارينا مول,Marina Mall,محطة مترو النخيل,Nakheel Metro Station,1.0,2.0,0.0,86.13,102,بيع - تسجيل مبدئى,Sell - Pre registration,بن غاطي رويال,Binghatti Royale,2961.0,شقه سكنيه,Flat,60.0,وحدة,Unit,3,سكني,Residential,على الخارطة,Off-Plan Properties,0,,غرفة,1 B/R,1-102-2024-97808,مبايعات,Sales,1,2026-08-21T18:27:40.000Z,2024-11-20
703376.0,441,البرشاء جنوب الرابعة,Al Barsha South Fourth,ذا أورتشارد بليس - تاور بي,THE ORCHARD PLACE - TOWER B,1,2023-12-27,قرية جميرا الدائرية,Jumeirah Village Circle,,14092.89,أكاديمية المدينة الرياضية للسباحة,Sports City Swimming Academy,مول الإمارات,Mall of the Emirates,مدينة دبي للإنترنت,Dubai Internet City,1.0,1.0,0.0,49.91,102,بيع - تسجيل مبدئى,Sell - Pre registration,ذا أوركارد بليس,The Orchard Place,2629.0,شقه سكنيه,Flat,60.0,وحدة,Unit,3,سكني,Residential,على الخارطة,Off-Plan Properties,0,,استوديو,Studio,1-102-2023-68816,مبايعات,Sales,1,2026-08-21T18:27:40.000Z,2023-12-27
1500000.0,482,حدائق الشيخ محمد بن راشد,Hadaeq Sheikh Mohammed Bin Rashid,هيلز بارك,Hills Park,1,2026-07-24,دبي هيلز استيت,Dubai Hills Estate,,23992.32,,,,,,,1.0,1.0,0.0,62.52,11,بيع,Sell,هيلز بارك,Hills Park,2428.0,شقه سكنيه,Flat,60.0,وحدة,Unit,3,سكني,Residential,العقارات القائمة,Existing Properties,1,,غرفة,1 B/R,1-11-2026-22727,مبايعات,Sales,1,2026-08-21T18:27:40.000Z,2026-07-24
862828.0,441,البرشاء جنوب الرابعة,Al Barsha South Fourth,بورتمان,THE PORTMAN,1,2023-03-07,قرية جميرا الدائرية,Jumeirah Village Circle,,12481.24,أكاديمية المدينة الرياضية للسباحة,Sports City Swimming Academy,مول الإمارات,Mall of the Emirates,مدينة دبي للإنترنت,Dubai Internet City,1.0,1.0,0.0,69.13,102,بيع - تسجيل مبدئى,Sell - Pre registration,بورتمان,THE PORTMAN,2537.0,شقه سكنيه,Flat,60.0,وحدة,Unit,3,سكني,Residential,على الخارطة,Off-Plan Properties,0,,غرفة,1 B/R,1-102-2023-10877,مبايعات,Sales,1,2026-08-21T18:27:40.000Z,2023-03-07
1200000.0,526,الخليج التجارى,Business Bay,ميرانو,MERANO,1,2024-12-18,الخليج التجاري,Business Bay,,17155.11,وسط مدينة دبي,Downtown Dubai,مول دبي,Dubai Mall,محطة مترو الخليج التجاري,Business Bay Metro Station,1.0,1.0,0.0,69.95,11,بيع,Sell,برج ميرانو,MERANO TOWER,1680.0,شقه سكنيه,Flat,60.0,وحدة,Unit,3,سكني,Residential,العقارات القائمة,Existing Properties,1,,غرفة,1 B/R,1-11-2024-48935,مبايعات,Sales,1,2026-08-21T18:27:40.000Z,2024-12-18
735000.0,441,البرشاء جنوب الرابعة,Al Barsha South Fourth,10 أوكسفورد باي ايمان,10 OXFORD by IMAN,1,2026-02-12,قرية جميرا الدائرية,Jumeirah Village Circle,,18982.44,أكاديمية المدينة الرياضية للسباحة,Sports City Swimming Academy,مول الإمارات,Mall of the Emirates,مدينة دبي للإنترنت,Dubai Internet City,1.0,1.0,0.0,38.72,102,بيع - تسجيل مبدئى,Sell - Pre registration,10 اوكسفورد باي ايمان,10 OXFORD by IMAN,2837.0,شقه سكنيه,Flat,60.0,وحدة,Unit,3,سكني,Residential,على الخارطة,Off-Plan Properties,0,,استوديو,Studio,1-102-2026-15943,مبايعات,Sales,1,2026-08-21T18:27:40.000Z,2026-02-12
1354888.0,526,الخليج التجارى,Business Bay,رو? منازل مراسي دراي?,Rove Home Marasi Drive,1,2024-09-13,الخليج التجاري,Business Bay,,37283.65,وسط مدينة دبي,Downtown Dubai,مول دبي,Dubai Mall,محطة مترو الخليج التجاري,Business Bay Metro Station,1.0,2.0,0.0,36.34,102,بيع - تسجيل مبدئى,Sell - Pre registration,روف منازل مراسي درايف,Rove Home Marasi Drive,2966.0,شقه سكنيه,Flat,60.0,وحدة,Unit,3,سكني,Residential,على الخارطة,Off-Plan Properties,0,,استوديو,Studio,1-102-2024-71537,مبايعات,Sales,1,2026-08-21T18:27:40.000Z,2024-09-13
2000000.0,526,الخليج التجارى,Business Bay,س ل س دبي,SLS DUBAI,1,2023-01-20,الخليج التجاري,Business Bay,,17898.69,وسط مدينة دبي,Downtown Dubai,مول دبي,Dubai Mall,محطة مترو بوج خليفة دبي مول,Buj Khalifa Dubai Mall Metro Station,1.0,1.0,0.0,111.74,41,بيع مبدئى,Delayed Sell,اس ال اس دبي,SLS DUBAI,1886.0,شقه سكنيه,Flat,60.0,وحدة,Unit,3,سكني,Residential,العقارات القائمة,Existing Properties,1,,غرفة,1 B/R,1-41-2023-1581,مبايعات,Sales,1,2026-08-21T18:27:40.000Z,2023-01-20
4700000.0,410,نخلة جميرا,Palm Jumeirah,الشهلة,Al Shahla,1,2026-06-05,نخلة جميرا,Palm Jumeirah,,22570.11,برج العرب,Burj Al Arab,مارينا مول,Marina Mall,نخلة جميرا,Palm Jumeirah,1.0,1.0,0.0,208.24,11,بيع,Sell,,,,شقه سكنيه,Flat,60.0,وحدة,Unit,3,سكني,Residential,العقارات القائمة,Existing Properties,1,,ثلاث غرف,3 B/R,1-11-2026-17720,مبايعات,Sales,1,2026-08-21T18:27:40.000Z,2026-06-05
18647828.0,410,نخلة جميرا,Palm Jumeirah,أوشن هاوس,OCEAN HOUSE,1,2023-12-11,نخلة جميرا,Palm Jumeirah,,56792.53,برج العرب,Burj Al Arab,مول الإمارات,Mall of the Emirates,الصفوح,Al Sufouh,1.0,2.0,0.0,328.35,102,بيع - تسجيل مبدئى,Sell - Pre registration,أوشن هاوس,OCEAN HOUSE,2691.0,شقه سكنيه,Flat,60.0,وحدة,Unit,3,سكني,Residential,على الخارطة,Off-Plan Properties,0,,ثلاث غرف,3 B/R,1-102-2023-65229,مبايعات,Sales,1,2026-08-21T18:27:40.000Z,2023-12-11
980000.0,441,البرشاء جنوب الرابعة,Al Barsha South Fourth,بيرل هاوس || من امتياز,PEAR HOUSE II BY IMTIAZ,1,2025-01-29,قرية جميرا الدائرية,Jumeirah Village Circle,,12568.94,أكاديمية المدينة الرياضية للسباحة,Sports City Swimming Academy,مول الإمارات,Mall of the Emirates,مدينة دبي للإنترنت,Dubai Internet City,1.0,1.0,0.0,77.97,102,بيع - تسجيل مبدئى,Sell - Pre registration,بيرل هاوس 2 من امتياز,Pearl House II By Imtiaz,2777.0,شقه سكنيه,Flat,60.0,وحدة,Unit,3,سكني,Residential,على الخارطة,Off-Plan Properties,0,,غرفة,1 B/R,1-102-2025-6907,مبايعات,Sales,1,2026-08-21T18:27:40.000Z,2025-01-29
1788888.0,330,مرسى دبي,Marsa Dubai,فرانك مولر فانغارد,Franck Muller Vanguard,1,2025-07-15,تيكوم سايت د,TECOM Site D,,29879.54,برج العرب,Burj Al Arab,مارينا مول,Marina Mall,ابراج مارينا,Marina Towers,1.0,1.0,0.0,59.87,102,بيع - تسجيل مبدئى,Sell - Pre registration,فرانك مولر فانغارد,Franck muller Vanguard,3202.0,شقه سكنيه,Flat,60.0,وحدة,Unit,3,سكني,Residential,على الخارطة,Off-Plan Properties,0,,غرفة,1 B/R,1-102-2025-62761,مبايعات,Sales,1,2026-08-21T18:27:40.000Z,2025-07-15
4787252.0,330,مرسى دبي,Marsa Dubai,دبي مارينا مول هوتيل,Dubai Marina Mall Hotel,1,2024-04-25,دبي مارينا,Dubai Marina,,26979.56,برج العرب,Burj Al Arab,مارينا مول,Marina Mall,محطة مترو مارينا مول,Marina Mall Metro Station,1.0,1.0,0.0,177.44,11,بيع,Sell,دبي مارينا مول,DUBAI MARINA MALL,1460.0,شقه سكنيه,Flat,60.0,وحدة,Unit,3,سكني,Residential,العقارات القائمة,Existing Properties,1,,غرفتين,2 B/R,1-11-2024-14111,مبايعات,Sales,1,2026-08-21T18:27:40.000Z,2024-04-25
3368000.0,330,مرسى دبي,Marsa Dubai,داماك باي - تاور اي,DAMAC BAY - TOWER A,1,2023-05-25,دبي هاربر,Dubai Harbour,,39276.97,,,,,,,1.0,1.0,0.0,85.75,102,بيع - تسجيل مبدئى,Sell - Pre registration,داماك باي,DAMAC BAY,2559.0,شقه سكنيه,Flat,60.0,وحدة,Unit,3,سكني,Residential,على الخارطة,Off-Plan Properties,0,,غرفة,1 B/R,1-102-2023-24544,مبايعات,Sales,1,2026-08-21T18:27:40.000Z,2023-05-25
2750000.0,526,الخليج التجارى,Business Bay,برج نورة,NOURA TOWER,1,2024-12-24,,,,21777.0,وسط مدينة دبي,Downtown Dubai,مول دبي,Dubai Mall,محطة مترو الخليج التجاري,Business Bay Metro Station,1.0,1.0,0.0,126.28,11,بيع,Sell,الحبتور سيتي,AL HABTOOR CITY,1670.0,شقه سكنيه,Flat,60.0,وحدة,Unit,3,سكني,Residential,العقارات القائمة,Existing Properties,1,,غرفتين,2 B/R,1-11-2024-49780,مبايعات,Sales,1,2026-08-21T18:27:40.000Z,2024-12-24
5190.0,410,نخلة جميرا,Palm Jumeirah,بالم فيوز الشرق,PALM VIEWS EAST,0,2026-07-23,نخلة جميرا,Palm Jumeirah,,101.76,برج العرب,Burj Al Arab,مارينا مول,Marina Mall,نخلة جميرا,Palm Jumeirah,1.0,1.0,0.0,51.0,11,بيع,Sell,بالم فيوز - شرق,PALM VIEWS - EAST,1316.0,شقه سكنيه,Flat,60.0,وحدة,Unit,3,سكني,Residential,العقارات القائمة,Existing Properties,1,,استوديو,Studio,1-11-2026-22731,مبايعات,Sales,1,2026-08-21T18:27:40.000Z,2026-07-23
1089200.0,441,البرشاء جنوب الرابعة,Al Barsha South Fourth,10 أوكسفورد باي ايمان,10 OXFORD by IMAN,1,2024-08-06,قرية جميرا الدائرية,Jumeirah Village Circle,,15067.09,أكاديمية المدينة الرياضية للسباحة,Sports City Swimming Academy,مول الإمارات,Mall of the Emirates,مدينة دبي للإنترنت,Dubai Internet City,1.0,1.0,0.0,72.29,102,بيع - تسجيل مبدئى,Sell - Pre registration,10 اوكسفورد باي ايمان,10 OXFORD by IMAN,2837.0,شقه سكنيه,Flat,60.0,وحدة,Unit,3,سكني,Residential,على الخارطة,Off-Plan Properties,0,,غرفة,1 B/R,1-102-2024-58077,مبايعات,Sales,1,2026-08-21T18:27:40.000Z,2024-08-06
690000.0,441,البرشاء جنوب الرابعة,Al Barsha South Fourth,بن غاطي كورنر,Binghatti Corner,1,2023-02-28,قرية جميرا الدائرية,Jumeirah Village Circle,,10835.43,أكاديمية المدينة الرياضية للسباحة,Sports City Swimming Academy,مارينا مول,Marina Mall,مدينة دبي للإنترنت,Dubai Internet City,1.0,1.0,0.0,63.68,102,بيع - تسجيل مبدئى,Sell - Pre registration,بن غاطي كورنر,Binghatti Corner,2478.0,شقه سكنيه,Flat,60.0,وحدة,Unit,3,سكني,Residential,على الخارطة,Off-Plan Properties,0,,غرفة,1 B/R,1-102-2023-9065,مبايعات,Sales,1,2026-08-21T18:27:40.000Z,2023-02-28
2267999.0,526,الخليج التجارى,Business Bay,بن غاطي اكوارايز - تاور ايه,Binghatti Aquarise - TOWER A,1,2025-10-07,الخليج التجاري,Business Bay,,30907.59,وسط مدينة دبي,Downtown Dubai,مول دبي,Dubai Mall,محطة مترو الخليج التجاري,Business Bay Metro Station,1.0,1.0,0.0,73.38,102,بيع - تسجيل مبدئى,Sell - Pre registration,بن غاطي أكوا رايز,Binghatti Aquarise,3585.0,شقه سكنيه,Flat,60.0,وحدة,Unit,3,سكني,Residential,على الخارطة,Off-Plan Properties,0,,غرفة,1 B/R,1-102-2025-99644,مبايعات,Sales,1,2026-08-21T18:27:40.000Z,2025-10-07
3250000.0,526,الخليج التجارى,Business Bay,ذا سترلينغ أيست هاوس,THE STERLING EAST HOUSE,1,2026-02-20,الخليج التجاري,Business Bay,,31151.15,وسط مدينة دبي,Downtown Dubai,مول دبي,Dubai Mall,محطة مترو بوج خليفة دبي مول,Buj Khalifa Dubai Mall Metro Station,1.0,1.0,0.0,104.33,11,بيع,Sell,بيت الشرق الشرقي,THE STERLING EAST HOUSE,1309.0,شقه سكنيه,Flat,60.0,وحدة,Unit,3,سكني,Residential,العقارات القائمة,Existing Properties,1,,غرفتين,2 B/R,1-11-2026-7851,مبايعات,Sales,1,2026-08-21T18:27:40.000Z,2026-02-20
12737354.0,330,مرسى دبي,Marsa Dubai,دبي هاربور ريزيدنسز (المنطقة 3 ),Dubai Harbour Residences (Area 3),1,2026-01-28,دبي هاربر,Dubai Harbour,,50931.08,,,,,,,1.0,2.0,0.0,250.09,102,بيع - تسجيل مبدئى,Sell - Pre registration,دبي هاربور رزيدنسز(المنطقة 3),Dubai Harbour Residences (Area 3),3134.0,شقه سكنيه,Flat,60.0,وحدة,Unit,3,سكني,Residential,على الخارطة,Off-Plan Properties,0,,غرفتين,2 B/R,1-102-2026-9417,مبايعات,Sales,1,2026-08-21T18:27:40.000Z,2026-01-28
1175000.0,330,مرسى دبي,Marsa Dubai,MARINA DIAMOND-2,MARINA DIAMOND-2,1,2023-10-20,دبي مارينا,Dubai Marina,,13038.17,أكاديمية المدينة الرياضية للسباحة,Sports City Swimming Academy,مارينا مول,Marina Mall,أبراج بحيرات جميرا,Jumeirah Lakes Towers,2.0,1.0,0.0,90.12,11,بيع,Sell,,,,شقه سكنيه,Flat,60.0,وحدة,Unit,3,سكني,Residential,العقارات القائمة,Existing Properties,1,,غرفتين,2 B/R,1-11-2023-33911,مبايعات,Sales,1,2026-08-21T18:27:40.000Z,2023-10-20
3683000.0,330,مرسى دبي,Marsa Dubai,بلوواترز با ي - مبنى 2,Bluewaters Bay - Building 2,1,2023-05-11,,,,40642.24,,,,,,,1.0,2.0,0.0,90.62,102,بيع - تسجيل مبدئى,Sell - Pre registration,بلوواترز باي,Bluewaters Bay,2530.0,شقه سكنيه,Flat,60.0,وحدة,Unit,3,سكني,Residential,على الخارطة,Off-Plan Properties,0,,غرفتين,2 B/R,1-102-2023-20035,مبايعات,Sales,1,2026-08-21T18:27:40.000Z,2023-05-11
2902083.0,526,الخليج التجارى,Business Bay,تيراسيز مراسي درايف,Terraces Marasi Drive,1,2025-01-29,الخليج التجاري,Business Bay,,19930.52,وسط مدينة دبي,Downtown Dubai,مول دبي,Dubai Mall,محطة مترو بوج خليفة دبي مول,Buj Khalifa Dubai Mall Metro Station,1.0,1.0,0.0,145.61,11,بيع,Sell,تيراسيس مراسي درايف,TERRACES MARASI DRIVE,2568.0,شقه سكنيه,Flat,60.0,وحدة,Unit,3,سكني,Residential,العقارات القائمة,Existing Properties,1,,غرفة,1 B/R,1-11-2025-3592,مبايعات,Sales,1,2026-08-21T18:27:40.000Z,2025-01-29
811892.0,441,البرشاء جنوب الرابعة,Al Barsha South Fourth,اليجانس من شيماء القابضة,Elegance by Chaimaa Holding,1,2023-07-28,قرية جميرا الدائرية,Jumeirah Village Circle,,11645.04,أكاديمية المدينة الرياضية للسباحة,Sports City Swimming Academy,مارينا مول,Marina Mall,محطة مترو النخيل,Nakheel Metro Station,1.0,1.0,0.0,69.72,102,بيع - تسجيل مبدئى,Sell - Pre registration,أناقة بواسطة  هولدنغ  شيماء هولدنغ,Elegance by Chaimaa Holding,2515.0,شقه سكنيه,Flat,60.0,وحدة,Unit,3,سكني,Residential,على الخارطة,Off-Plan Properties,0,,غرفة,1 B/R,1-102-2023-35973,مبايعات,Sales,1,2026-08-21T18:27:40.000Z,2023-07-28
2044000.0,526,الخليج التجارى,Business Bay,بينيسولا فور,Peninsula Four,1,2023-01-03,الخليج التجاري,Business Bay,,26473.25,وسط مدينة دبي,Downtown Dubai,مول دبي,Dubai Mall,محطة مترو الخليج التجاري,Business Bay Metro Station,1.0,1.0,0.0,77.21,102,بيع - تسجيل مبدئى,Sell - Pre registration,بينينسولا فور,Peninsula Four,2461.0,شقه سكنيه,Flat,60.0,وحدة,Unit,3,سكني,Residential,على الخارطة,Off-Plan Properties,0,,غرفة,1 B/R,1-102-2023-502,مبايعات,Sales,1,2026-08-21T18:27:40.000Z,2023-01-03
2830000.0,390,برج خليفة,Burj Khalifa,فورته T1,Forte T1,1,2023-07-13,داون تاون دبي,DownTown Dubai,,27832.42,برج خليفة,Burj Khalifa,مول دبي,Dubai Mall,محطة مترو بوج خليفة دبي مول,Buj Khalifa Dubai Mall Metro Station,2.0,1.0,0.0,101.68,102,بيع - تسجيل مبدئى,Sell - Pre registration,فورتي,FORTE,1660.0,شقه سكنيه,Flat,60.0,وحدة,Unit,3,سكني,Residential,على الخارطة,Off-Plan Properties,0,,غرفتين,2 B/R,1-102-2023-33177,مبايعات,Sales,1,2026-08-21T18:27:40.000Z,2023-07-13
580000.0,441,البرشاء جنوب الرابعة,Al Barsha South Fourth,سجنيتشر ليفنجز - ساوث,Signature Livings - South,1,2023-09-27,قرية جميرا الدائرية,Jumeirah Village Circle,,15524.63,أكاديمية المدينة الرياضية للسباحة,Sports City Swimming Academy,مول الإمارات,Mall of the Emirates,مدينة دبي للإنترنت,Dubai Internet City,1.0,1.0,0.0,37.36,11,بيع,Sell,سجنيتشر ليونجز,SIGNATURE LIVINGS,1929.0,شقه سكنيه,Flat,60.0,وحدة,Unit,3,سكني,Residential,العقارات القائمة,Existing Properties,1,,استوديو,Studio,1-11-2023-31028,مبايعات,Sales,1,2026-08-21T18:27:40.000Z,2023-09-27
1033000.0,526,الخليج التجارى,Business Bay,بينيسولا فور,Peninsula Four,1,2023-03-07,الخليج التجاري,Business Bay,,20330.64,وسط مدينة دبي,Downtown Dubai,مول دبي,Dubai Mall,محطة مترو الخليج التجاري,Business Bay Metro Station,1.0,2.0,0.0,50.81,102,بيع - تسجيل مبدئى,Sell - Pre registration,بينينسولا فور,Peninsula Four,2461.0,شقه سكنيه,Flat,60.0,وحدة,Unit,3,سكني,Residential,على الخارطة,Off-Plan Properties,0,,غرفة,1 B/R,1-102-2023-10905,مبايعات,Sales,1,2026-08-21T18:27:40.000Z,2023-03-07
450000.0,441,البرشاء جنوب الرابعة,Al Barsha South Fourth,دايموند فيوز 2,DIAMOND VIEWS 2,1,2023-08-01,قرية جميرا الدائرية,Jumeirah Village Circle,,6577.02,أكاديمية المدينة الرياضية للسباحة,Sports City Swimming Academy,مول الإمارات,Mall of the Emirates,مدينة دبي للإنترنت,Dubai Internet City,1.0,1.0,0.0,68.42,11,بيع,Sell,دايموند فيوز 2,DIAMOND VIEWS 2,217.0,شقه سكنيه,Flat,60.0,وحدة,Unit,3,سكني,Residential,العقارات القائمة,Existing Properties,1,,غرفة,1 B/R,1-11-2023-24283,مبايعات,Sales,1,2026-08-21T18:27:40.000Z,2023-08-01
1080000.0,441,البرشاء جنوب الرابعة,Al Barsha South Fourth,بروفينزا ريزيدنسز,Provenza Residences,1,2026-07-07,قرية جميرا الدائرية,Jumeirah Village Circle,,14527.85,أكاديمية المدينة الرياضية للسباحة,Sports City Swimming Academy,مارينا مول,Marina Mall,محطة مترو النخيل,Nakheel Metro Station,1.0,1.0,0.0,74.34,102,بيع - تسجيل مبدئى,Sell - Pre registration,مساكن بروفينزا,Provenza Residences,3681.0,شقه سكنيه,Flat,60.0,وحدة,Unit,3,سكني,Residential,على الخارطة,Off-Plan Properties,0,,غرفة,1 B/R,1-102-2026-59778,مبايعات,Sales,1,2026-08-21T18:27:40.000Z,2026-07-07
930000.0,441,البرشاء جنوب الرابعة,Al Barsha South Fourth,نورا ريزيدنس,NOORA RESIDENCE,1,2025-08-28,قرية جميرا الدائرية,Jumeirah Village Circle,,8445.33,أكاديمية المدينة الرياضية للسباحة,Sports City Swimming Academy,مارينا مول,Marina Mall,مدينة دبي للإنترنت,Dubai Internet City,1.0,1.0,0.0,110.12,11,بيع,Sell,نورا ريزيدنس 1,NOORA RESIDENCE 1,705.0,شقه سكنيه,Flat,60.0,وحدة,Unit,3,سكني,Residential,العقارات القائمة,Existing Properties,1,,غرفتين,2 B/R,1-11-2025-35966,مبايعات,Sales,1,2026-08-21T18:27:40.000Z,2025-08-28
715999.0,441,البرشاء جنوب الرابعة,Al Barsha South Fourth,بن غاطي سيركل,Binghatti Circle,1,2025-09-30,قرية جميرا الدائرية,Jumeirah Village Circle,,19007.14,أكاديمية المدينة الرياضية للسباحة,Sports City Swimming Academy,مارينا مول,Marina Mall,مدينة دبي للإنترنت,Dubai Internet City,1.0,1.0,0.0,37.67,102,بيع - تسجيل مبدئى,Sell - Pre registration,بن غاطي سيركل,Binghatti Circle,3819.0,شقه سكنيه,Flat,60.0,وحدة,Unit,3,سكني,Residential,على الخارطة,Off-Plan Properties,0,,استوديو,Studio,1-102-2025-96145,مبايعات,Sales,1,2026-08-21T18:27:40.000Z,2025-09-30
650000.0,330,مرسى دبي,Marsa Dubai,مارينا دايموند - 3,MARINA DIAMOND-3,1,2024-01-04,دبي مارينا,Dubai Marina,,16385.18,برج العرب,Burj Al Arab,مارينا مول,Marina Mall,مرسى دبي,Dubai Marina,1.0,1.0,0.0,39.67,11,بيع,Sell,,,,شقه سكنيه,Flat,60.0,وحدة,Unit,3,سكني,Residential,العقارات القائمة,Existing Properties,1,,استوديو,Studio,1-11-2024-358,مبايعات,Sales,1,2026-08-21T18:27:40.000Z,2024-01-04
1337600.0,526,الخليج التجارى,Business Bay,بايز 102 من دانوب,Bayz 102 By Danube,0,2025-03-17,,,,35593.4,,,,,,,1.0,1.0,0.0,37.58,102,بيع - تسجيل مبدئى,Sell - Pre registration,بايز 102 من دانوب,Bayz 102 By Danube,3125.0,شقه سكنيه,Flat,60.0,وحدة,Unit,3,سكني,Residential,على الخارطة,Off-Plan Properties,0,,استوديو,Studio,1-102-2025-21460,مبايعات,Sales,1,2026-08-21T18:27:40.000Z,2025-03-17
1597888.0,482,حدائق الشيخ محمد بن راشد,Hadaeq Sheikh Mohammed Bin Rashid,كلوب درايف - تاور بي,Club Drive-Tower B,1,2023-12-26,دبي هيلز استيت,Dubai Hills Estate,,23030.96,,,,,,,1.0,2.0,0.0,69.38,102,بيع - تسجيل مبدئى,Sell - Pre registration,كلوب درايف,Club Drive,2769.0,شقه سكنيه,Flat,60.0,وحدة,Unit,3,سكني,Residential,على الخارطة,Off-Plan Properties,0,,غرفة,1 B/R,1-102-2023-68582,مبايعات,Sales,1,2026-08-21T18:27:40.000Z,2023-12-26
1267999.0,526,الخليج التجارى,Business Bay,بن غاطي اكوارايز - تاور ايه,Binghatti Aquarise - TOWER A,1,2025-08-21,الخليج التجاري,Business Bay,,28090.36,وسط مدينة دبي,Downtown Dubai,مول دبي,Dubai Mall,محطة مترو الخليج التجاري,Business Bay Metro Station,1.0,1.0,0.0,45.14,102,بيع - تسجيل مبدئى,Sell - Pre registration,بن غاطي أكوا رايز,Binghatti Aquarise,3585.0,شقه سكنيه,Flat,60.0,وحدة,Unit,3,سكني,Residential,على الخارطة,Off-Plan Properties,0,,استوديو,Studio,1-102-2025-78192,مبايعات,Sales,1,2026-08-21T18:27:40.000Z,2025-08-21
1008000.0,526,الخليج التجارى,Business Bay,أيكون سيتي (2) ? تاور سي,AYKON CITY (2) -TOWER C,1,2025-02-17,,,,27413.65,وسط مدينة دبي,Downtown Dubai,مول دبي,Dubai Mall,محطة مترو الخليج التجاري,Business Bay Metro Station,1.0,1.0,0.0,36.77,41,بيع مبدئى,Delayed Sell,مدينة أيكون 2,AYKON CITY 2,1746.0,شقه سكنيه,Flat,60.0,وحدة,Unit,3,سكني,Residential,العقارات القائمة,Existing Properties,1,,استوديو,Studio,1-41-2025-6646,مبايعات,Sales,1,2026-08-21T18:27:40.000Z,2025-02-17
1130000.0,441,البرشاء جنوب الرابعة,Al Barsha South Fourth,بن غاطي اونكس,Binghatti Onyx,1,2025-03-24,قرية جميرا الدائرية,Jumeirah Village Circle,,17497.68,أكاديمية المدينة الرياضية للسباحة,Sports City Swimming Academy,مارينا مول,Marina Mall,محطة مترو النخيل,Nakheel Metro Station,1.0,1.0,0.0,64.58,11,بيع,Sell,بن غاطي أونيكس,Binghatti Onyx,2610.0,شقه سكنيه,Flat,60.0,وحدة,Unit,3,سكني,Residential,العقارات القائمة,Existing Properties,1,,غرفة,1 B/R,1-11-2025-12138,مبايعات,Sales,1,2026-08-21T18:27:40.000Z,2025-03-24
700000.0,526,الخليج التجارى,Business Bay,ميرانو,MERANO,1,2024-10-14,الخليج التجاري,Business Bay,,22544.28,وسط مدينة دبي,Downtown Dubai,مول دبي,Dubai Mall,محطة مترو الخليج التجاري,Business Bay Metro Station,1.0,1.0,0.0,31.05,11,بيع,Sell,برج ميرانو,MERANO TOWER,1680.0,شقه سكنيه,Flat,60.0,وحدة,Unit,3,سكني,Residential,العقارات القائمة,Existing Properties,1,,استوديو,Studio,1-11-2024-38867,مبايعات,Sales,1,2026-08-21T18:27:40.000Z,2024-10-14
1060000.0,442,البرشاء جنوب الخامسة,Al Barsha South Fifth,مساكن مايا 5,MAYA RESIDENCES 5,1,2025-05-26,قرية جميرا المثلثة,Jumeirah Village Triangle,,13007.73,أكاديمية المدينة الرياضية للسباحة,Sports City Swimming Academy,ابن بطوطة مول,Ibn-e-Battuta Mall,برج هاربور,Harbour Tower,1.0,1.0,0.0,81.49,11,بيع,Sell,مساكن مايا 5,Maya Residences 5,2747.0,شقه سكنيه,Flat,60.0,وحدة,Unit,3,سكني,Residential,العقارات القائمة,Existing Properties,1,,غرفة,1 B/R,1-11-2025-22056,مبايعات,Sales,1,2026-08-21T18:27:40.000Z,2025-05-26
1150000.0,441,البرشاء جنوب الرابعة,Al Barsha South Fourth,أمبير ريزيدنس,Empire Residence,1,2024-11-22,قرية جميرا الدائرية,Jumeirah Village Circle,,12420.35,أكاديمية المدينة الرياضية للسباحة,Sports City Swimming Academy,مول الإمارات,Mall of the Emirates,مدينة دبي للإنترنت,Dubai Internet City,1.0,1.0,0.0,92.59,11,بيع,Sell,امباير ريزدنس,Empire Residence,1920.0,شقه سكنيه,Flat,60.0,وحدة,Unit,3,سكني,Residential,العقارات القائمة,Existing Properties,1,,غرفتين,2 B/R,1-11-2024-45175,مبايعات,Sales,1,2026-08-21T18:27:40.000Z,2024-11-22
22749888.0,330,مرسى دبي,Marsa Dubai,العنوان ذا باي,Address The Bay,1,2023-03-07,دبي هاربر,Dubai Harbour,,48125.5,,,,,,,1.0,1.0,0.0,472.72,102,بيع - تسجيل مبدئى,Sell - Pre registration,العنوان ذا باي,Address The Bay,2397.0,شقه سكنيه,Flat,60.0,وحدة,Unit,3,سكني,Residential,على الخارطة,Off-Plan Properties,0,,أربع غرف,4 B/R,1-102-2023-11016,مبايعات,Sales,1,2026-08-21T18:27:40.000Z,2023-03-07
1079187.0,441,البرشاء جنوب الرابعة,Al Barsha South Fourth,فيوليت تاور,Violet Tower,1,2025-06-02,قرية جميرا الدائرية,Jumeirah Village Circle,,14030.0,أكاديمية المدينة الرياضية للسباحة,Sports City Swimming Academy,مارينا مول,Marina Mall,محطة مترو النخيل,Nakheel Metro Station,1.0,1.0,0.0,76.92,102,بيع - تسجيل مبدئى,Sell - Pre registration,فيوليت تاور,Violet Tower,2824.0,شقه سكنيه,Flat,60.0,وحدة,Unit,3,سكني,Residential,على الخارطة,Off-Plan Properties,0,,غرفة,1 B/R,1-102-2025-45682,مبايعات,Sales,1,2026-08-21T18:27:40.000Z,2025-06-02
2900000.0,410,نخلة جميرا,Palm Jumeirah,جولدن ميل 1,GOLDEN MILE 1,1,2025-09-03,نخلة جميرا,Palm Jumeirah,,14887.83,برج العرب,Burj Al Arab,مارينا مول,Marina Mall,نخلة جميرا,Palm Jumeirah,1.0,1.0,0.0,194.79,11,بيع,Sell,جولدن ميل,GOLDEN MILE,388.0,شقه سكنيه,Flat,60.0,وحدة,Unit,3,سكني,Residential,العقارات القائمة,Existing Properties,1,,غرفتين,2 B/R,1-11-2025-36859,مبايعات,Sales,1,2026-08-21T18:27:40.000Z,2025-09-03
2708379.0,526,الخليج التجارى,Business Bay,برج الحبتور,Al Habtoor Tower,1,2024-01-29,,,,31170.2,وسط مدينة دبي,Downtown Dubai,مول دبي,Dubai Mall,محطة مترو الخليج التجاري,Business Bay Metro Station,1.0,1.0,0.0,86.89,102,بيع - تسجيل مبدئى,Sell - Pre registration,برج الحبتور,Al Habtoor Tower,2656.0,شقه سكنيه,Flat,60.0,وحدة,Unit,3,سكني,Residential,على الخارطة,Off-Plan Properties,0,,غرفة,1 B/R,1-102-2024-5470,مبايعات,Sales,1,2026-08-21T18:27:40.000Z,2024-01-29
4004000.0,526,الخليج التجارى,Business Bay,أيكون سيتي 3 ? تاور دي,AYKON CITY 3 - TOWER D,1,2025-11-12,,,,23433.02,وسط مدينة دبي,Downtown Dubai,مول دبي,Dubai Mall,محطة مترو الخليج التجاري,Business Bay Metro Station,1.0,1.0,0.0,170.87,102,بيع - تسجيل مبدئى,Sell - Pre registration,ايكون سيتي 3,AYKON CITY 3,2200.0,شقه سكنيه,Flat,60.0,وحدة,Unit,3,سكني,Residential,على الخارطة,Off-Plan Properties,0,,ثلاث غرف,3 B/R,1-102-2025-114137,مبايعات,Sales,1,2026-08-21T18:27:40.000Z,2025-11-12
754951.0,441,البرشاء جنوب الرابعة,Al Barsha South Fourth,نيفا ريزيدنسز,NEVA RESIDENCES,1,2025-09-08,قرية جميرا الدائرية,Jumeirah Village Circle,,10222.76,أكاديمية المدينة الرياضية للسباحة,Sports City Swimming Academy,مول الإمارات,Mall of the Emirates,مدينة دبي للإنترنت,Dubai Internet City,1.0,1.0,0.0,73.85,102,بيع - تسجيل مبدئى,Sell - Pre registration,نيفا ريزدنسيس,NEVA RESIDENCES,2544.0,شقه سكنيه,Flat,60.0,وحدة,Unit,3,سكني,Residential,على الخارطة,Off-Plan Properties,0,,غرفة,1 B/R,1-102-2025-85378,مبايعات,Sales,1,2026-08-21T18:27:40.000Z,2025-09-08
1425000.0,526,الخليج التجارى,Business Bay,بايز 102 من دانوب,Bayz 102 By Danube,0,2025-07-23,,,,37919.11,,,,,,,1.0,1.0,0.0,37.58,102,بيع - تسجيل مبدئى,Sell - Pre registration,بايز 102 من دانوب,Bayz 102 By Danube,3125.0,شقه سكنيه,Flat,60.0,وحدة,Unit,3,سكني,Residential,على الخارطة,Off-Plan Properties,0,,استوديو,Studio,1-102-2025-66028,مبايعات,Sales,1,2026-08-21T18:27:40.000Z,2025-07-23
1095930.0,441,البرشاء جنوب الرابعة,Al Barsha South Fourth,لكي اوسس ريسيدنس,Lucky Oasis Residence,1,2024-10-23,قرية جميرا الدائرية,Jumeirah Village Circle,,13773.16,أكاديمية المدينة الرياضية للسباحة,Sports City Swimming Academy,مول الإمارات,Mall of the Emirates,مدينة دبي للإنترنت,Dubai Internet City,1.0,1.0,0.0,79.57,102,بيع - تسجيل مبدئى,Sell - Pre registration,لكي اويسس ريسيدنس,Lucky Oasis Residence,2888.0,شقه سكنيه,Flat,60.0,وحدة,Unit,3,سكني,Residential,على الخارطة,Off-Plan Properties,0,,غرفة,1 B/R,1-102-2024-86944,مبايعات,Sales,1,2026-08-21T18:27:40.000Z,2024-10-23
1072000.0,442,البرشاء جنوب الخامسة,Al Barsha South Fifth,لومينار تاور ثري,Luminar Tower 3,1,2025-07-01,قرية جميرا المثلثة,Jumeirah Village Triangle,,10730.73,أكاديمية المدينة الرياضية للسباحة,Sports City Swimming Academy,مارينا مول,Marina Mall,أبراج بحيرات جميرا,Jumeirah Lakes Towers,1.0,1.0,0.0,99.9,102,بيع - تسجيل مبدئى,Sell - Pre registration,لومينار تاور ثري,Luminar Tower 3,3443.0,شقه سكنيه,Flat,60.0,وحدة,Unit,3,سكني,Residential,على الخارطة,Off-Plan Properties,0,,غرفتين,2 B/R,1-102-2025-56987,مبايعات,Sales,1,2026-08-21T18:27:40.000Z,2025-07-01
1758000.0,390,برج خليفة,Burj Khalifa,برج فولتا,VOLTA TOWER,1,2023-11-28,,,,27663.26,برج خليفة,Burj Khalifa,مول دبي,Dubai Mall,محطة مترو بوج خليفة دبي مول,Buj Khalifa Dubai Mall Metro Station,1.0,1.0,0.0,63.55,102,بيع - تسجيل مبدئى,Sell - Pre registration,فولتا تاور,VOLTA TOWER,2782.0,شقه سكنيه,Flat,60.0,وحدة,Unit,3,سكني,Residential,على الخارطة,Off-Plan Properties,0,,غرفة,1 B/R,1-102-2023-62972,مبايعات,Sales,1,2026-08-21T18:27:40.000Z,2023-11-28
1584142.0,526,الخليج التجارى,Business Bay,أيكون سيتي (2) ? تاور سي,AYKON CITY (2) -TOWER C,1,2023-12-13,,,,21349.62,وسط مدينة دبي,Downtown Dubai,مول دبي,Dubai Mall,محطة مترو الخليج التجاري,Business Bay Metro Station,1.0,1.0,0.0,74.2,41,بيع مبدئى,Delayed Sell,مدينة أيكون 2,AYKON CITY 2,1746.0,شقه سكنيه,Flat,60.0,وحدة,Unit,3,سكني,Residential,العقارات القائمة,Existing Properties,1,,غرفتين,2 B/R,1-41-2023-24920,مبايعات,Sales,1,2026-08-21T18:27:40.000Z,2023-12-13
684735.0,441,البرشاء جنوب الرابعة,Al Barsha South Fourth,من امتياز III بيرل هاوس,Pearl House III by Imtiaz,1,2025-03-24,قرية جميرا الدائرية,Jumeirah Village Circle,,19250.35,أكاديمية المدينة الرياضية للسباحة,Sports City Swimming Academy,مول الإمارات,Mall of the Emirates,مدينة دبي للإنترنت,Dubai Internet City,1.0,1.0,0.0,35.57,102,بيع - تسجيل مبدئى,Sell - Pre registration,بيرل هاوس 3 من امتياز,Pearl House III by Imtiaz,3196.0,شقه سكنيه,Flat,60.0,وحدة,Unit,3,سكني,Residential,على الخارطة,Off-Plan Properties,0,,استوديو,Studio,1-102-2025-24164,مبايعات,Sales,1,2026-08-21T18:27:40.000Z,2025-03-24
2002888.0,390,برج خليفة,Burj Khalifa,روف هوم ريزيدنس من ايرث,ROVE HOME RESIDENCES by IRTH,1,2023-12-01,داون تاون دبي,DownTown Dubai,,36682.93,وسط مدينة دبي,Downtown Dubai,مول دبي,Dubai Mall,محطة مترو الخليج التجاري,Business Bay Metro Station,1.0,1.0,0.0,54.6,102,بيع - تسجيل مبدئى,Sell - Pre registration,رو? مساكن المنزل من ?رث,ROVE HOME RESIDENCES by IRTH,2738.0,شقه سكنيه,Flat,60.0,وحدة,Unit,3,سكني,Residential,على الخارطة,Off-Plan Properties,0,,غرفة,1 B/R,1-102-2023-63786,مبايعات,Sales,1,2026-08-21T18:27:40.000Z,2023-12-01
1486000.0,330,مرسى دبي,Marsa Dubai,رووف هوم مرسى دبي,ROVE HOME DUBAI MARINA,1,2025-04-07,دبي مارينا,Dubai Marina,,40402.39,برج العرب,Burj Al Arab,مارينا مول,Marina Mall,محطة مترو مارينا مول,Marina Mall Metro Station,1.0,1.0,0.0,36.78,102,بيع - تسجيل مبدئى,Sell - Pre registration,روف منازل دبي مارينا,ROVE HOME DUBAI MARINA,3393.0,شقه سكنيه,Flat,60.0,وحدة,Unit,3,سكني,Residential,على الخارطة,Off-Plan Properties,0,,استوديو,Studio,1-102-2025-6250,مبايعات,Sales,1,2026-08-21T18:27:40.000Z,2025-04-07
7388259.0,330,مرسى دبي,Marsa Dubai,ذا بريستول إعمار بيتشفرونت,THE BRISTOL Emaar Beachfront,1,2025-04-17,دبي هاربر,Dubai Harbour,,54469.62,,,,,,,1.0,1.0,0.0,135.64,102,بيع - تسجيل مبدئى,Sell - Pre registration,ذا بريستول اعمار بيتشفرونت,THE BRISTOL Emaar Beachfront,3439.0,شقه سكنيه,Flat,60.0,وحدة,Unit,3,سكني,Residential,على الخارطة,Off-Plan Properties,0,,غرفتين,2 B/R,1-102-2025-32018,مبايعات,Sales,1,2026-08-21T18:27:40.000Z,2025-04-17
2033999.0,526,الخليج التجارى,Business Bay,بن غاطي اكوارايز - تاور ايه,Binghatti Aquarise - TOWER A,1,2025-06-17,الخليج التجاري,Business Bay,,27722.49,وسط مدينة دبي,Downtown Dubai,مول دبي,Dubai Mall,محطة مترو الخليج التجاري,Business Bay Metro Station,1.0,1.0,0.0,73.37,102,بيع - تسجيل مبدئى,Sell - Pre registration,بن غاطي أكوا رايز,Binghatti Aquarise,3585.0,شقه سكنيه,Flat,60.0,وحدة,Unit,3,سكني,Residential,على الخارطة,Off-Plan Properties,0,,غرفة,1 B/R,1-102-2025-51416,مبايعات,Sales,1,2026-08-21T18:27:40.000Z,2025-06-17
1487499.0,526,الخليج التجارى,Business Bay,بن غاطي سكاي رايز - تاور ايه,Binghatti Skyrise - TOWER A,1,2025-12-23,الخليج التجاري,Business Bay,,36892.34,وسط مدينة دبي,Downtown Dubai,مول دبي,Dubai Mall,محطة مترو الخليج التجاري,Business Bay Metro Station,1.0,1.0,0.0,40.32,102,بيع - تسجيل مبدئى,Sell - Pre registration,بن غاطي سكاي رايز,Binghatti Skyrise,3349.0,شقه سكنيه,Flat,60.0,وحدة,Unit,3,سكني,Residential,على الخارطة,Off-Plan Properties,0,,استوديو,Studio,1-102-2025-131623,مبايعات,Sales,1,2026-08-21T18:27:40.000Z,2025-12-23
1022015.0,441,البرشاء جنوب الرابعة,Al Barsha South Fourth,ذا أورتشارد بليس - تاور بي,THE ORCHARD PLACE - TOWER B,1,2024-09-26,قرية جميرا الدائرية,Jumeirah Village Circle,,15260.79,أكاديمية المدينة الرياضية للسباحة,Sports City Swimming Academy,مول الإمارات,Mall of the Emirates,مدينة دبي للإنترنت,Dubai Internet City,1.0,1.0,0.0,66.97,102,بيع - تسجيل مبدئى,Sell - Pre registration,ذا أوركارد بليس,The Orchard Place,2629.0,شقه سكنيه,Flat,60.0,وحدة,Unit,3,سكني,Residential,على الخارطة,Off-Plan Properties,0,,غرفة,1 B/R,1-102-2024-77284,مبايعات,Sales,1,2026-08-21T18:27:40.000Z,2024-09-26
1529941.0,441,البرشاء جنوب الرابعة,Al Barsha South Fourth,رين ريزيدنس,RA1N Residence,1,2024-05-14,قرية جميرا الدائرية,Jumeirah Village Circle,,14043.89,أكاديمية المدينة الرياضية للسباحة,Sports City Swimming Academy,مول الإمارات,Mall of the Emirates,مدينة دبي للإنترنت,Dubai Internet City,1.0,2.0,0.0,108.94,102,بيع - تسجيل مبدئى,Sell - Pre registration,رأ1 ن  سكن,RA1N Residence,2635.0,شقه سكنيه,Flat,60.0,وحدة,Unit,3,سكني,Residential,على الخارطة,Off-Plan Properties,0,,غرفتين,2 B/R,1-102-2024-31848,مبايعات,Sales,1,2026-08-21T18:27:40.000Z,2024-05-14
1017900.0,441,البرشاء جنوب الرابعة,Al Barsha South Fourth,مايسون اليزيه2,MAISON ELYSEE II,1,2024-11-11,قرية جميرا الدائرية,Jumeirah Village Circle,,16861.02,أكاديمية المدينة الرياضية للسباحة,Sports City Swimming Academy,مول الإمارات,Mall of the Emirates,مدينة دبي للإنترنت,Dubai Internet City,1.0,1.0,0.0,60.37,102,بيع - تسجيل مبدئى,Sell - Pre registration,مايسون الاليزيه II,Maison Elysee II,2902.0,شقه سكنيه,Flat,60.0,وحدة,Unit,3,سكني,Residential,على الخارطة,Off-Plan Properties,0,,غرفة,1 B/R,1-102-2024-94749,مبايعات,Sales,1,2026-08-21T18:27:40.000Z,2024-11-11
800000.0,441,البرشاء جنوب الرابعة,Al Barsha South Fourth,بن غاطي عمبر,Binghatti Amber,1,2024-11-07,قرية جميرا الدائرية,Jumeirah Village Circle,,11554.02,أكاديمية المدينة الرياضية للسباحة,Sports City Swimming Academy,مول الإمارات,Mall of the Emirates,مدينة دبي للإنترنت,Dubai Internet City,1.0,1.0,0.0,69.24,102,بيع - تسجيل مبدئى,Sell - Pre registration,بن غاطي عنبر,Binghatti Amber,2673.0,شقه سكنيه,Flat,60.0,وحدة,Unit,3,سكني,Residential,على الخارطة,Off-Plan Properties,0,,غرفة,1 B/R,1-102-2024-93960,مبايعات,Sales,1,2026-08-21T18:27:40.000Z,2024-11-07
820892.0,441,البرشاء جنوب الرابعة,Al Barsha South Fourth,نيفا ريزيدنسز,NEVA RESIDENCES,1,2024-07-15,قرية جميرا الدائرية,Jumeirah Village Circle,,10307.53,أكاديمية المدينة الرياضية للسباحة,Sports City Swimming Academy,مول الإمارات,Mall of the Emirates,مدينة دبي للإنترنت,Dubai Internet City,1.0,1.0,0.0,79.64,102,بيع - تسجيل مبدئى,Sell - Pre registration,نيفا ريزدنسيس,NEVA RESIDENCES,2544.0,شقه سكنيه,Flat,60.0,وحدة,Unit,3,سكني,Residential,على الخارطة,Off-Plan Properties,0,,غرفة,1 B/R,1-102-2024-49711,مبايعات,Sales,1,2026-08-21T18:27:40.000Z,2024-07-15
462466.0,441,البرشاء جنوب الرابعة,Al Barsha South Fourth,كيو جاردنز لوفتس 2,Q Gardens Lofts 2,1,2025-05-13,قرية جميرا الدائرية,Jumeirah Village Circle,,11705.05,أكاديمية المدينة الرياضية للسباحة,Sports City Swimming Academy,مول الإمارات,Mall of the Emirates,مدينة دبي للإنترنت,Dubai Internet City,1.0,1.0,0.0,39.51,102,بيع - تسجيل مبدئى,Sell - Pre registration,2 كيو جاردنز لوفتس,Q Gardens Lofts 2,2677.0,شقه سكنيه,Flat,60.0,وحدة,Unit,3,سكني,Residential,على الخارطة,Off-Plan Properties,0,,استوديو,Studio,1-102-2025-40443,مبايعات,Sales,1,2026-08-21T18:27:40.000Z,2025-05-13
1250000.0,441,البرشاء جنوب الرابعة,Al Barsha South Fourth,,,0,2023-04-28,قرية جميرا الدائرية,Jumeirah Village Circle,,7326.22,أكاديمية المدينة الرياضية للسباحة,Sports City Swimming Academy,مارينا مول,Marina Mall,محطة مترو النخيل,Nakheel Metro Station,1.0,1.0,0.0,170.62,11,بيع,Sell,,,,فيلا,Villa,4.0,فيلا,Villa,4,سكني,Residential,العقارات القائمة,Existing Properties,1,,ثلاث غرف,3 B/R,1-11-2023-12368,مبايعات,Sales,1,2026-08-21T18:27:40.000Z,2023-04-28
1100000.0,482,حدائق الشيخ محمد بن راشد,Hadaeq Sheikh Mohammed Bin Rashid,A كوليكتيف 2.0 تاور,Collective 2.0 Tower A,1,2023-11-01,دبي هيلز استيت,Dubai Hills Estate,,24064.76,برج العرب,Burj Al Arab,مول الإمارات,Mall of the Emirates,محطة مترو بنك أبوظبي الأول,First Abu Dhabi Bank Metro Station,1.0,1.0,0.0,45.71,11,بيع,Sell,كولكتيف 2.0,Collective 2.0,2107.0,شقه سكنيه,Flat,60.0,وحدة,Unit,3,سكني,Residential,العقارات القائمة,Existing Properties,1,,غرفة,1 B/R,1-11-2023-35237,مبايعات,Sales,1,2026-08-21T18:27:40.000Z,2023-11-01
600000.0,441,البرشاء جنوب الرابعة,Al Barsha South Fourth,بن غاطي أزور,Binghatti Azure,1,2024-04-25,قرية جميرا الدائرية,Jumeirah Village Circle,,18861.99,أكاديمية المدينة الرياضية للسباحة,Sports City Swimming Academy,مول الإمارات,Mall of the Emirates,مدينة دبي للإنترنت,Dubai Internet City,1.0,2.0,0.0,31.81,102,بيع - تسجيل مبدئى,Sell - Pre registration,بن غاطي ازيور,Binghatti Azure,2862.0,شقه سكنيه,Flat,60.0,وحدة,Unit,3,سكني,Residential,على الخارطة,Off-Plan Properties,0,,استوديو,Studio,1-102-2024-25510,مبايعات,Sales,1,2026-08-21T18:27:40.000Z,2024-04-25
2550000.0,482,حدائق الشيخ محمد بن راشد,Hadaeq Sheikh Mohammed Bin Rashid,,,0,2024-12-11,حدائق الشيخ محمد بن راشد - ديستركت 7,HADAEQ SHEIKH MOHAMMED BIN RASHID - DISRICT 7,,23131.35,,,,,,,1.0,1.0,0.0,110.24,11,بيع,Sell,ماج آي المرحلة 1,MAG EYE Phase 1,2033.0,فيلا,Villa,4.0,فيلا,Villa,4,سكني,Residential,العقارات القائمة,Existing Properties,1,,غرفتين,2 B/R,1-11-2024-47881,مبايعات,Sales,1,2026-08-21T18:27:40.000Z,2024-12-11
6629000.0,330,مرسى دبي,Marsa Dubai,رزيدنسز في دبي هاربر  - البرج 1 W,W Residences At Dubai Harbour - Tower 1,1,2024-11-29,دبي هاربر,Dubai Harbour,,47014.18,,,,,,,1.0,1.0,0.0,141.0,102,بيع - تسجيل مبدئى,Sell - Pre registration,رزيدنسز في دبي هاربر W,W Residences at Dubai Harbour,3317.0,شقه سكنيه,Flat,60.0,وحدة,Unit,3,سكني,Residential,على الخارطة,Off-Plan Properties,0,,غرفتين,2 B/R,1-102-2024-100830,مبايعات,Sales,1,2026-08-21T18:27:40.000Z,2024-11-29
1744888.0,526,الخليج التجارى,Business Bay,أبسايد ليفينج,UPSIDE LIVING,1,2024-05-23,الخليج التجاري,Business Bay,,28975.22,وسط مدينة دبي,Downtown Dubai,مول دبي,Dubai Mall,محطة مترو بوج خليفة دبي مول,Buj Khalifa Dubai Mall Metro Station,1.0,1.0,0.0,60.22,41,بيع مبدئى,Delayed Sell,آبسايد ليفينج,UPSIDE Living,2164.0,شقه سكنيه,Flat,60.0,وحدة,Unit,3,سكني,Residential,العقارات القائمة,Existing Properties,1,,غرفة,1 B/R,1-41-2024-10026,مبايعات,Sales,1,2026-08-21T18:27:40.000Z,2024-05-23
865000.0,526,الخليج التجارى,Business Bay,سكالا تاور,THE SCALA TOWER,1,2024-04-04,الخليج التجاري,Business Bay,,12299.16,وسط مدينة دبي,Downtown Dubai,مول دبي,Dubai Mall,محطة مترو بوج خليفة دبي مول,Buj Khalifa Dubai Mall Metro Station,1.0,1.0,0.0,70.33,11,بيع,Sell,برج سكالا,SCALA TOWER,184.0,شقه سكنيه,Flat,60.0,وحدة,Unit,3,سكني,Residential,العقارات القائمة,Existing Properties,1,,غرفة,1 B/R,1-11-2024-12548,مبايعات,Sales,1,2026-08-21T18:27:40.000Z,2024-04-04
1160000.0,526,الخليج التجارى,Business Bay,جي ون - 1,J ONE - 1,1,2024-12-25,الخليج التجاري,Business Bay,,21874.41,وسط مدينة دبي,Downtown Dubai,مول دبي,Dubai Mall,محطة مترو بوج خليفة دبي مول,Buj Khalifa Dubai Mall Metro Station,1.0,1.0,0.0,53.03,11,بيع,Sell,جي ون,J ONE,1913.0,شقه سكنيه,Flat,60.0,وحدة,Unit,3,سكني,Residential,العقارات القائمة,Existing Properties,1,,استوديو,Studio,1-11-2024-50032,مبايعات,Sales,1,2026-08-21T18:27:40.000Z,2024-12-25
631300.0,442,البرشاء جنوب الخامسة,Al Barsha South Fifth,كافنديش سكوير,CAVENDISH SQUARE,1,2024-09-04,قرية جميرا المثلثة,Jumeirah Village Triangle,,15806.21,أكاديمية المدينة الرياضية للسباحة,Sports City Swimming Academy,مارينا مول,Marina Mall,عقارات داماك,Damac Properties,1.0,1.0,0.0,39.94,102,بيع - تسجيل مبدئى,Sell - Pre registration,كافنديش سكوير,Cavendish Square,2866.0,شقه سكنيه,Flat,60.0,وحدة,Unit,3,سكني,Residential,على الخارطة,Off-Plan Properties,0,,استوديو,Studio,1-102-2024-68067,مبايعات,Sales,1,2026-08-21T18:27:40.000Z,2024-09-04
895820.0,442,البرشاء جنوب الخامسة,Al Barsha South Fifth,فاشنز 1 من دانوب,Fashionz 1 By Danube,1,2026-07-30,قرية جميرا المثلثة,Jumeirah Village Triangle,,21073.16,أكاديمية المدينة الرياضية للسباحة,Sports City Swimming Academy,مارينا مول,Marina Mall,عقارات داماك,Damac Properties,1.0,1.0,0.0,42.51,102,بيع - تسجيل مبدئى,Sell - Pre registration,فاشنز1 من دانوب,Fashionz 1 By Danube,2640.0,شقه سكنيه,Flat,60.0,وحدة,Unit,3,سكني,Residential,على الخارطة,Off-Plan Properties,0,,استوديو,Studio,1-102-2026-67213,مبايعات,Sales,1,2026-08-21T18:27:40.000Z,2026-07-30
3949000.0,330,مرسى دبي,Marsa Dubai,داماك باي - تاور سي,DAMAC BAY - TOWER C,1,2023-05-31,دبي هاربر,Dubai Harbour,,45240.0,,,,,,,1.0,1.0,0.0,87.29,102,بيع - تسجيل مبدئى,Sell - Pre registration,داماك باي,DAMAC BAY,2559.0,شقه سكنيه,Flat,60.0,وحدة,Unit,3,سكني,Residential,على الخارطة,Off-Plan Properties,0,,غرفة,1 B/R,1-102-2023-25589,مبايعات,Sales,1,2026-08-21T18:27:40.000Z,2023-05-31
787681.0,441,البرشاء جنوب الرابعة,Al Barsha South Fourth,رايز ريزدنسز,Rise Residences,1,2024-07-03,قرية جميرا الدائرية,Jumeirah Village Circle,,12338.36,أكاديمية المدينة الرياضية للسباحة,Sports City Swimming Academy,مول الإمارات,Mall of the Emirates,مدينة دبي للإنترنت,Dubai Internet City,1.0,1.0,0.0,63.84,102,بيع - تسجيل مبدئى,Sell - Pre registration,مساكن الارتفاع,Rise Residences,2731.0,شقه سكنيه,Flat,60.0,وحدة,Unit,3,سكني,Residential,على الخارطة,Off-Plan Properties,0,,غرفة,1 B/R,1-102-2024-47463,مبايعات,Sales,1,2026-08-21T18:27:40.000Z,2024-07-03
2760620.0,526,الخليج التجارى,Business Bay,برج شيك,CHIC TOWER,1,2023-03-27,الخليج التجاري,Business Bay,,20078.7,,,,,,,1.0,1.0,0.0,137.49,102,بيع - تسجيل مبدئى,Sell - Pre registration,شييك تاور,CHIC TOWER,2460.0,شقه سكنيه,Flat,60.0,وحدة,Unit,3,سكني,Residential,على الخارطة,Off-Plan Properties,0,,غرفتين,2 B/R,1-102-2023-15019,مبايعات,Sales,1,2026-08-21T18:27:40.000Z,2023-03-27
750000.0,441,البرشاء جنوب الرابعة,Al Barsha South Fourth,تريفينو,TREVINO,1,2026-04-01,قرية جميرا الدائرية,Jumeirah Village Circle,,20570.49,أكاديمية المدينة الرياضية للسباحة,Sports City Swimming Academy,مارينا مول,Marina Mall,محطة مترو النخيل,Nakheel Metro Station,1.0,1.0,0.0,36.46,102,بيع - تسجيل مبدئى,Sell - Pre registration,تريفينو,Trevino,3850.0,شقه سكنيه,Flat,60.0,وحدة,Unit,3,سكني,Residential,على الخارطة,Off-Plan Properties,0,,استوديو,Studio,1-102-2026-31556,مبايعات,Sales,1,2026-08-21T18:27:40.000Z,2026-04-01
3066400.0,526,الخليج التجارى,Business Bay,بينيسولا فور,Peninsula Four,1,2023-08-10,الخليج التجاري,Business Bay,,33250.92,وسط مدينة دبي,Downtown Dubai,مول دبي,Dubai Mall,محطة مترو الخليج التجاري,Business Bay Metro Station,1.0,1.0,0.0,92.22,102,بيع - تسجيل مبدئى,Sell - Pre registration,بينينسولا فور,Peninsula Four,2461.0,شقه سكنيه,Flat,60.0,وحدة,Unit,3,سكني,Residential,على الخارطة,Off-Plan Properties,0,,غرفة,1 B/R,1-102-2023-38331,مبايعات,Sales,1,2026-08-21T18:27:40.000Z,2023-08-10
1254000.0,526,الخليج التجارى,Business Bay,بينيسولا فور,Peninsula Four,1,2026-08-19,الخليج التجاري,Business Bay,,26322.42,وسط مدينة دبي,Downtown Dubai,مول دبي,Dubai Mall,محطة مترو الخليج التجاري,Business Bay Metro Station,1.0,1.0,0.0,47.64,41,بيع مبدئى,Delayed Sell,بينينسولا فور,Peninsula Four,2461.0,شقه سكنيه,Flat,60.0,وحدة,Unit,3,سكني,Residential,العقارات القائمة,Existing Properties,1,,استوديو,Studio,1-41-2026-11227,مبايعات,Sales,1,2026-08-21T18:27:40.000Z,2026-08-19
3119888.0,330,مرسى دبي,Marsa Dubai,مار?نا كوف,Marina Cove,1,2024-11-07,دبي مارينا,Dubai Marina,,23921.85,برج العرب,Burj Al Arab,مارينا مول,Marina Mall,محطة مترو مارينا مول,Marina Mall Metro Station,1.0,1.0,0.0,130.42,102,بيع - تسجيل مبدئى,Sell - Pre registration,مارينا كوف,Marina Cove,3328.0,شقه سكنيه,Flat,60.0,وحدة,Unit,3,سكني,Residential,على الخارطة,Off-Plan Properties,0,,غرفتين,2 B/R,1-102-2024-94043,مبايعات,Sales,1,2026-08-21T18:27:40.000Z,2024-11-07
4311000.0,526,الخليج التجارى,Business Bay,برج باسفيك,BURJ PACIFIC,1,2025-07-08,الخليج التجاري,Business Bay,,16146.07,وسط مدينة دبي,Downtown Dubai,مول دبي,Dubai Mall,محطة مترو بوج خليفة دبي مول,Buj Khalifa Dubai Mall Metro Station,1.0,1.0,0.0,267.0,102,بيع - تسجيل مبدئى,Sell - Pre registration,برج باسيفك,BURJ PACIFIC,266.0,شقه سكنيه,Flat,60.0,وحدة,Unit,3,سكني,Residential,على الخارطة,Off-Plan Properties,0,,ثلاث غرف,3 B/R,1-102-2025-59218,مبايعات,Sales,1,2026-08-21T18:27:40.000Z,2025-07-08
946000.0,441,البرشاء جنوب الرابعة,Al Barsha South Fourth,ماك أ سولا بيلا,MAK I'Sola Bella,1,2025-01-13,قرية جميرا الدائرية,Jumeirah Village Circle,,13956.92,أكاديمية المدينة الرياضية للسباحة,Sports City Swimming Academy,مارينا مول,Marina Mall,محطة مترو النخيل,Nakheel Metro Station,1.0,1.0,0.0,67.78,102,بيع - تسجيل مبدئى,Sell - Pre registration,ماك إيسولا بيلا,MAK I'Sola Bella,3096.0,شقه سكنيه,Flat,60.0,وحدة,Unit,3,سكني,Residential,على الخارطة,Off-Plan Properties,0,,غرفة,1 B/R,1-102-2025-1829,مبايعات,Sales,1,2026-08-21T18:27:40.000Z,2025-01-13
630000.0,441,البرشاء جنوب الرابعة,Al Barsha South Fourth,الصيف 1,SUMMER 1,1,2024-02-13,قرية جميرا الدائرية,Jumeirah Village Circle,,6036.22,أكاديمية المدينة الرياضية للسباحة,Sports City Swimming Academy,مارينا مول,Marina Mall,محطة مترو النخيل,Nakheel Metro Station,1.0,2.0,0.0,104.37,11,بيع,Sell,مجتمع المواسم- الصيف,SEASONS COMMUNITY- SUMMER,1306.0,شقه سكنيه,Flat,60.0,وحدة,Unit,3,سكني,Residential,العقارات القائمة,Existing Properties,1,,غرفة,1 B/R,1-11-2024-5099,مبايعات,Sales,1,2026-08-21T18:27:40.000Z,2024-02-13
675000.0,441,البرشاء جنوب الرابعة,Al Barsha South Fourth,اميراتس جاردينز 1 جي 2,Emirates Gardens 1 - G2,1,2024-03-26,قرية جميرا الدائرية,Jumeirah Village Circle,,7294.93,أكاديمية المدينة الرياضية للسباحة,Sports City Swimming Academy,مول الإمارات,Mall of the Emirates,مدينة دبي للإنترنت,Dubai Internet City,1.0,1.0,0.0,92.53,11,بيع,Sell,الإمارات حديقة الأول - جاردينيا,EMIRATES GARDEN I - GARDENIA,1433.0,شقه سكنيه,Flat,60.0,وحدة,Unit,3,سكني,Residential,العقارات القائمة,Existing Properties,1,,غرفة,1 B/R,1-11-2024-11154,مبايعات,Sales,1,2026-08-21T18:27:40.000Z,2024-03-26
3075000.0,482,حدائق الشيخ محمد بن راشد,Hadaeq Sheikh Mohammed Bin Rashid,بارك ريدج تاور سي,PARK RIDGE TOWER C,1,2023-06-27,دبي هيلز استيت,Dubai Hills Estate,,21051.55,برج العرب,Burj Al Arab,مول الإمارات,Mall of the Emirates,محطة مترو بنك أبوظبي الأول,First Abu Dhabi Bank Metro Station,1.0,1.0,0.0,146.07,41,بيع مبدئى,Delayed Sell,بارك ريدج,PARK RIDGE,1937.0,شقه سكنيه,Flat,60.0,وحدة,Unit,3,سكني,Residential,العقارات القائمة,Existing Properties,1,,ثلاث غرف,3 B/R,1-41-2023-12223,مبايعات,Sales,1,2026-08-21T18:27:40.000Z,2023-06-27
4030000.0,526,الخليج التجارى,Business Bay,أيكون سيتي 3 ? تاور دي,AYKON CITY 3 - TOWER D,1,2023-09-27,,,,28530.97,وسط مدينة دبي,Downtown Dubai,مول دبي,Dubai Mall,محطة مترو الخليج التجاري,Business Bay Metro Station,1.0,2.0,0.0,141.25,102,بيع - تسجيل مبدئى,Sell - Pre registration,ايكون سيتي 3,AYKON CITY 3,2200.0,شقه سكنيه,Flat,60.0,وحدة,Unit,3,سكني,Residential,على الخارطة,Off-Plan Properties,0,,غرفتين,2 B/R,1-102-2023-50563,مبايعات,Sales,1,2026-08-21T18:27:40.000Z,2023-09-27
1076347.0,441,البرشاء جنوب الرابعة,Al Barsha South Fourth,فيوليت تاور,Violet Tower,1,2025-03-11,قرية جميرا الدائرية,Jumeirah Village Circle,,13993.08,أكاديمية المدينة الرياضية للسباحة,Sports City Swimming Academy,مارينا مول,Marina Mall,محطة مترو النخيل,Nakheel Metro Station,1.0,1.0,0.0,76.92,102,بيع - تسجيل مبدئى,Sell - Pre registration,فيوليت تاور,Violet Tower,2824.0,شقه سكنيه,Flat,60.0,وحدة,Unit,3,سكني,Residential,على الخارطة,Off-Plan Properties,0,,غرفة,1 B/R,1-102-2025-19469,مبايعات,Sales,1,2026-08-21T18:27:40.000Z,2025-03-11
999900.0,441,البرشاء جنوب الرابعة,Al Barsha South Fourth,مايسون اليزيه2,MAISON ELYSEE II,1,2025-07-24,قرية جميرا الدائرية,Jumeirah Village Circle,,16584.84,أكاديمية المدينة الرياضية للسباحة,Sports City Swimming Academy,مول الإمارات,Mall of the Emirates,مدينة دبي للإنترنت,Dubai Internet City,1.0,1.0,0.0,60.29,102,بيع - تسجيل مبدئى,Sell - Pre registration,مايسون الاليزيه II,Maison Elysee II,2902.0,شقه سكنيه,Flat,60.0,وحدة,Unit,3,سكني,Residential,على الخارطة,Off-Plan Properties,0,,غرفة,1 B/R,1-102-2025-66534,مبايعات,Sales,1,2026-08-21T18:27:40.000Z,2025-07-24
601000.0,441,البرشاء جنوب الرابعة,Al Barsha South Fourth,إليتز من دانوب - 1,Elitz By Danube - 1,1,2023-05-08,قرية جميرا الدائرية,Jumeirah Village Circle,,14701.57,أكاديمية المدينة الرياضية للسباحة,Sports City Swimming Academy,مول الإمارات,Mall of the Emirates,مدينة دبي للإنترنت,Dubai Internet City,1.0,1.0,0.0,40.88,102,بيع - تسجيل مبدئى,Sell - Pre registration,إليتز من دانوب,Elitz By Danube,2533.0,شقه سكنيه,Flat,60.0,وحدة,Unit,3,سكني,Residential,على الخارطة,Off-Plan Properties,0,,استوديو,Studio,1-102-2023-20371,مبايعات,Sales,1,2026-08-21T18:27:40.000Z,2023-05-08
3312153.0,330,مرسى دبي,Marsa Dubai,شوبا سيهيفين - تاور سي,SOBHA SEAHAVEN - TOWER C,1,2024-10-22,دبي هاربر,Dubai Harbour,,41979.13,,,,,,,1.0,1.0,0.0,78.9,102,بيع - تسجيل مبدئى,Sell - Pre registration,شوبا سيهيفين البرج ب و سي,Sobha Seahaven Tower B & C,2762.0,شقه سكنيه,Flat,60.0,وحدة,Unit,3,سكني,Residential,على الخارطة,Off-Plan Properties,0,,غرفة,1 B/R,1-102-2024-88666,مبايعات,Sales,1,2026-08-21T18:27:40.000Z,2024-10-22
4600000.0,330,مرسى دبي,Marsa Dubai,لا ?ي,La Vie,1,2023-05-08,جميرا بيتش ريزيدنس  - الجيه بي آر,Jumeriah Beach Residence  - JBR,,35354.7,برج العرب,Burj Al Arab,مارينا مول,Marina Mall,مساكن شاطئ الجميرا,Jumeirah Beach Resdency,1.0,1.0,0.0,130.11,102,بيع - تسجيل مبدئى,Sell - Pre registration,لا في,La Vie,2190.0,شقه سكنيه,Flat,60.0,وحدة,Unit,3,سكني,Residential,على الخارطة,Off-Plan Properties,0,,غرفتين,2 B/R,1-102-2023-21375,مبايعات,Sales,1,2026-08-21T18:27:40.000Z,2023-05-08
1056249.0,441,البرشاء جنوب الرابعة,Al Barsha South Fourth,لوما بارك فيوز,LUMA PARK VIEWS,1,2023-11-02,قرية جميرا الدائرية,Jumeirah Village Circle,,13560.79,أكاديمية المدينة الرياضية للسباحة,Sports City Swimming Academy,مارينا مول,Marina Mall,محطة مترو النخيل,Nakheel Metro Station,1.0,1.0,0.0,77.89,102,بيع - تسجيل مبدئى,Sell - Pre registration,لوما بارك فيوز,Luma Park Views,2676.0,شقه سكنيه,Flat,60.0,وحدة,Unit,3,سكني,Residential,على الخارطة,Off-Plan Properties,0,,غرفة,1 B/R,1-102-2023-58317,مبايعات,Sales,1,2026-08-21T18:27:40.000Z,2023-11-02
1270944.0,442,البرشاء جنوب الخامسة,Al Barsha South Fifth,فوكسا ريزيدنسز,Voxa Residences,1,2026-05-07,قرية جميرا المثلثة,Jumeirah Village Triangle,,20036.95,أكاديمية المدينة الرياضية للسباحة,Sports City Swimming Academy,مارينا مول,Marina Mall,محطة مترو النخيل,Nakheel Metro Station,1.0,1.0,0.0,63.43,102,بيع - تسجيل مبدئى,Sell - Pre registration,VOXA RESIDENCES,VOXA RESIDENCES,3736.0,شقه سكنيه,Flat,60.0,وحدة,Unit,3,سكني,Residential,على الخارطة,Off-Plan Properties,0,,غرفة,1 B/R,1-102-2026-42507,مبايعات,Sales,1,2026-08-21T18:27:40.000Z,2026-05-07
1150000.0,526,الخليج التجارى,Business Bay,ذا كوزمو بوليتان,The Cosmopolitan,1,2025-03-07,الخليج التجاري,Business Bay,,15139.55,وسط مدينة دبي,Downtown Dubai,مول دبي,Dubai Mall,محطة مترو الخليج التجاري,Business Bay Metro Station,1.0,1.0,0.0,75.96,11,بيع,Sell,الكوزموبوليتان,THE COSMOPOLITAN,421.0,شقه سكنيه,Flat,60.0,وحدة,Unit,3,سكني,Residential,العقارات القائمة,Existing Properties,1,,غرفة,1 B/R,1-11-2025-9723,مبايعات,Sales,1,2026-08-21T18:27:40.000Z,2025-03-07
850000.0,441,البرشاء جنوب الرابعة,Al Barsha South Fourth,BLOOM TOWERS B,BLOOM TOWERS B,1,2023-11-29,قرية جميرا الدائرية,Jumeirah Village Circle,,12509.2,أكاديمية المدينة الرياضية للسباحة,Sports City Swimming Academy,مول الإمارات,Mall of the Emirates,مدينة دبي للإنترنت,Dubai Internet City,1.0,1.0,0.0,67.95,41,بيع مبدئى,Delayed Sell,بلووم تاورز,Bloom Towers,1888.0,شقه سكنيه,Flat,60.0,وحدة,Unit,3,سكني,Residential,العقارات القائمة,Existing Properties,1,,غرفة,1 B/R,1-41-2023-24021,مبايعات,Sales,1,2026-08-21T18:27:40.000Z,2023-11-29
1249900.0,441,البرشاء جنوب الرابعة,Al Barsha South Fourth,اليزيه 3 من بانثيون,ELYSEE lll BY PANTHEON,1,2023-07-24,قرية جميرا الدائرية,Jumeirah Village Circle,,11827.21,أكاديمية المدينة الرياضية للسباحة,Sports City Swimming Academy,مارينا مول,Marina Mall,محطة مترو النخيل,Nakheel Metro Station,1.0,1.0,0.0,105.68,102,بيع - تسجيل مبدئى,Sell - Pre registration,اليزيه 3 من بانثيون,Elysee III by Pantheon,2298.0,شقه سكنيه,Flat,60.0,وحدة,Unit,3,سكني,Residential,على الخارطة,Off-Plan Properties,0,,غرفتين,2 B/R,1-102-2023-35178,مبايعات,Sales,1,2026-08-21T18:27:40.000Z,2023-07-24
4100000.0,482,حدائق الشيخ محمد بن راشد,Hadaeq Sheikh Mohammed Bin Rashid,جولف سويتس,Golf Suites,1,2023-05-29,دبي هيلز استيت,Dubai Hills Estate,,25713.39,آي إم جي وورلد أدفينتشرز,IMG World Adventures,مول الإمارات,Mall of the Emirates,محطة مترو نور بنك,Noor Bank Metro Station,2.0,1.0,0.0,159.45,41,بيع مبدئى,Delayed Sell,جولف سويتس - دبي هيلز,Golf Suites - Dubai Hills,2098.0,شقه سكنيه,Flat,60.0,وحدة,Unit,3,سكني,Residential,العقارات القائمة,Existing Properties,1,,ثلاث غرف,3 B/R,1-41-2023-10060,مبايعات,Sales,1,2026-08-21T18:27:40.000Z,2023-05-29
789999.0,441,البرشاء جنوب الرابعة,Al Barsha South Fourth,بن غاطي عمبر?ول,Binghatti Amberhall,1,2025-12-15,قرية جميرا الدائرية,Jumeirah Village Circle,,21311.01,أكاديمية المدينة الرياضية للسباحة,Sports City Swimming Academy,مارينا مول,Marina Mall,محطة مترو النخيل,Nakheel Metro Station,1.0,1.0,0.0,37.07,102,بيع - تسجيل مبدئى,Sell - Pre registration,بن غاطي أمبر هول,Binghatti Amberhall,3552.0,شقه سكنيه,Flat,60.0,وحدة,Unit,3,سكني,Residential,على الخارطة,Off-Plan Properties,0,,استوديو,Studio,1-102-2025-127912,مبايعات,Sales,1,2026-08-21T18:27:40.000Z,2025-12-15
772648.0,441,البرشاء جنوب الرابعة,Al Barsha South Fourth,بن غاطي فينيكس,Binghatti Phoenix,1,2024-09-03,قرية جميرا الدائرية,Jumeirah Village Circle,,16713.15,أكاديمية المدينة الرياضية للسباحة,Sports City Swimming Academy,مارينا مول,Marina Mall,محطة مترو النخيل,Nakheel Metro Station,1.0,1.0,0.0,46.23,102,بيع - تسجيل مبدئى,Sell - Pre registration,بن غاطي فينيكس,Binghatti Phoenix,3009.0,شقه سكنيه,Flat,60.0,وحدة,Unit,3,سكني,Residential,على الخارطة,Off-Plan Properties,0,,استوديو,Studio,1-102-2024-67380,مبايعات,Sales,1,2026-08-21T18:27:40.000Z,2024-09-03
10667888.0,482,حدائق الشيخ محمد بن راشد,Hadaeq Sheikh Mohammed Bin Rashid,,,0,2024-01-09,دبي هيليز,DUBAI HILLS,,22991.14,,,,,,,1.0,1.0,0.0,464.0,41,بيع مبدئى,Delayed Sell,بارك جيت,Park Gate,2846.0,,,,أرض,Land,1,سكني,Residential,العقارات القائمة,Existing Properties,1,,,,1-41-2024-424,مبايعات,Sales,1,2026-08-21T18:27:40.000Z,2024-01-09
591241.0,441,البرشاء جنوب الرابعة,Al Barsha South Fourth,فيتر ريزيدنس,V1TER RESIDENCE,1,2023-11-17,قرية جميرا الدائرية,Jumeirah Village Circle,,16247.35,أكاديمية المدينة الرياضية للسباحة,Sports City Swimming Academy,مول الإمارات,Mall of the Emirates,مدينة دبي للإنترنت,Dubai Internet City,1.0,1.0,0.0,36.39,102,بيع - تسجيل مبدئى,Sell - Pre registration,V1TER Residence,V1TER Residence,2710.0,شقه سكنيه,Flat,60.0,وحدة,Unit,3,سكني,Residential,على الخارطة,Off-Plan Properties,0,,استوديو,Studio,1-102-2023-61170,مبايعات,Sales,1,2026-08-21T18:27:40.000Z,2023-11-17
3498549.0,330,مرسى دبي,Marsa Dubai,باي فيو البرج 1,BAYVIEW Tower 1,1,2023-08-28,دبي هاربر,Dubai Harbour,,50086.6,,,,,,,1.0,1.0,0.0,69.85,102,بيع - تسجيل مبدئى,Sell - Pre registration,باي فيو,BAYVIEW,2646.0,شقه سكنيه,Flat,60.0,وحدة,Unit,3,سكني,Residential,على الخارطة,Off-Plan Properties,0,,غرفة,1 B/R,1-102-2023-42316,مبايعات,Sales,1,2026-08-21T18:27:40.000Z,2023-08-28
1011743.0,330,مرسى دبي,Marsa Dubai,مارينا كراون تاور,MARINA CROWN TOWER,1,2025-07-03,دبي مارينا,Dubai Marina,,12923.02,برج العرب,Burj Al Arab,مارينا مول,Marina Mall,مينا السياحي,Mina Seyahi,1.0,1.0,0.0,78.29,11,بيع,Sell,,,,شقه سكنيه,Flat,60.0,وحدة,Unit,3,سكني,Residential,العقارات القائمة,Existing Properties,1,,غرفة,1 B/R,1-11-2025-28184,مبايعات,Sales,1,2026-08-21T18:27:40.000Z,2025-07-03
4300000.0,330,مرسى دبي,Marsa Dubai,جراند بلو تاور التصميم الداخلي لإيلي صعب تاور 1,Grand Bleu Tower interiors by Elie Saab Tower 1,1,2024-07-04,دبي هاربر,Dubai Harbour,,32132.72,,,,,,,1.0,1.0,0.0,133.82,102,بيع - تسجيل مبدئى,Sell - Pre registration,جراند بلو تاور، التصميم الداخلي لايلي صعب,Grand Bleu Tower interiors by Elie Saab,2152.0,شقه سكنيه,Flat,60.0,وحدة,Unit,3,سكني,Residential,على الخارطة,Off-Plan Properties,0,,غرفتين,2 B/R,1-102-2024-47878,مبايعات,Sales,1,2026-08-21T18:27:40.000Z,2024-07-04
2542000.0,526,الخليج التجارى,Business Bay,كانال كراون 2,Canal Crown 2,1,2024-04-29,الخليج التجاري,Business Bay,,31495.48,وسط مدينة دبي,Downtown Dubai,مول دبي,Dubai Mall,محطة مترو الخليج التجاري,Business Bay Metro Station,1.0,1.0,0.0,80.71,102,بيع - تسجيل مبدئى,Sell - Pre registration,قنال كراون 2,CANAL CROWN 2,2626.0,شقه سكنيه,Flat,60.0,وحدة,Unit,3,سكني,Residential,على الخارطة,Off-Plan Properties,0,,غرفة,1 B/R,1-102-2024-26461,مبايعات,Sales,1,2026-08-21T18:27:40.000Z,2024-04-29
632930.0,442,البرشاء جنوب الخامسة,Al Barsha South Fifth,التاي تاور,ALTAI TOWER,1,2025-05-19,قرية جميرا المثلثة,Jumeirah Village Triangle,,20221.41,أكاديمية المدينة الرياضية للسباحة,Sports City Swimming Academy,ابن بطوطة مول,Ibn-e-Battuta Mall,برج هاربور,Harbour Tower,1.0,1.0,0.0,31.3,102,بيع - تسجيل مبدئى,Sell - Pre registration,التاي تاور,ALTAI TOWER,2636.0,شقه سكنيه,Flat,60.0,وحدة,Unit,3,سكني,Residential,على الخارطة,Off-Plan Properties,0,,استوديو,Studio,1-102-2025-42164,مبايعات,Sales,1,2026-08-21T18:27:40.000Z,2025-05-19
1128888.0,526,الخليج التجارى,Business Bay,أبسايد ليفينج,UPSIDE LIVING,1,2023-12-25,الخليج التجاري,Business Bay,,32152.89,وسط مدينة دبي,Downtown Dubai,مول دبي,Dubai Mall,محطة مترو بوج خليفة دبي مول,Buj Khalifa Dubai Mall Metro Station,1.0,1.0,0.0,35.11,41,بيع مبدئى,Delayed Sell,آبسايد ليفينج,UPSIDE Living,2164.0,شقه سكنيه,Flat,60.0,وحدة,Unit,3,سكني,Residential,العقارات القائمة,Existing Properties,1,,استوديو,Studio,1-41-2023-25982,مبايعات,Sales,1,2026-08-21T18:27:40.000Z,2023-12-25
716108.0,526,الخليج التجارى,Business Bay,هاميلتون ريسيدينسي,HAMILTON  RESIDENCY,1,2024-06-24,الخليج التجاري,Business Bay,,14262.26,وسط مدينة دبي,Downtown Dubai,مول دبي,Dubai Mall,محطة مترو بوج خليفة دبي مول,Buj Khalifa Dubai Mall Metro Station,3.0,1.0,0.0,50.21,11,بيع,Sell,هاملتون ريزيدنس,HAMILTON RESIDENCY,56.0,شقه سكنيه,Flat,60.0,وحدة,Unit,3,سكني,Residential,العقارات القائمة,Existing Properties,1,,غرفة,1 B/R,1-11-2024-22619,مبايعات,Sales,1,2026-08-21T18:27:40.000Z,2024-06-24
2400000.0,390,برج خليفة,Burj Khalifa,ذا سانت ريجيز ريزيدنسز - تاور 1,The St. Regis Residences - Tower 1,1,2024-01-25,داون تاون دبي,DownTown Dubai,,31880.98,برج خليفة,Burj Khalifa,مول دبي,Dubai Mall,محطة مترو بوج خليفة دبي مول,Buj Khalifa Dubai Mall Metro Station,2.0,1.0,0.0,75.28,102,بيع - تسجيل مبدئى,Sell - Pre registration,ذا سانت ريجيز ريزيدنسز، داون تاون دبي,"The St. Regis Residences, Downtown Dubai",1816.0,شقه سكنيه,Flat,60.0,وحدة,Unit,3,سكني,Residential,على الخارطة,Off-Plan Properties,0,,غرفة,1 B/R,1-102-2024-4607,مبايعات,Sales,1,2026-08-21T18:27:40.000Z,2024-01-25
700000.0,441,البرشاء جنوب الرابعة,Al Barsha South Fourth,ليفيل ريزيدينزا,Livel Residenza,1,2026-06-25,قرية جميرا الدائرية,Jumeirah Village Circle,,16650.81,أكاديمية المدينة الرياضية للسباحة,Sports City Swimming Academy,مول الإمارات,Mall of the Emirates,مدينة دبي للإنترنت,Dubai Internet City,1.0,1.0,0.0,42.04,102,بيع - تسجيل مبدئى,Sell - Pre registration,ليفيل ريزيدنزا,Livel Residenza,3072.0,شقه سكنيه,Flat,60.0,وحدة,Unit,3,سكني,Residential,على الخارطة,Off-Plan Properties,0,,استوديو,Studio,1-102-2026-56506,مبايعات,Sales,1,2026-08-21T18:27:40.000Z,2026-06-25
38000000.0,410,نخلة جميرا,Palm Jumeirah,وان ات نخلةجميرا,ONE AT PALM JUMEIRAH,1,2024-01-03,نخلة جميرا,Palm Jumeirah,,79391.61,برج العرب,Burj Al Arab,مارينا مول,Marina Mall,نخلة جميرا,Palm Jumeirah,1.0,1.0,0.0,478.64,11,بيع,Sell,ون في بالم جميرا,ONE AT PALM JUMEIRAH,1631.0,شقه سكنيه,Flat,60.0,وحدة,Unit,3,سكني,Residential,العقارات القائمة,Existing Properties,1,,أربع غرف,4 B/R,1-11-2024-152,مبايعات,Sales,1,2026-08-21T18:27:40.000Z,2024-01-03
587000.0,441,البرشاء جنوب الرابعة,Al Barsha South Fourth,بن غاطي أزور,Binghatti Azure,1,2024-04-25,قرية جميرا الدائرية,Jumeirah Village Circle,,17923.66,أكاديمية المدينة الرياضية للسباحة,Sports City Swimming Academy,مول الإمارات,Mall of the Emirates,مدينة دبي للإنترنت,Dubai Internet City,1.0,1.0,0.0,32.75,102,بيع - تسجيل مبدئى,Sell - Pre registration,بن غاطي ازيور,Binghatti Azure,2862.0,شقه سكنيه,Flat,60.0,وحدة,Unit,3,سكني,Residential,على الخارطة,Off-Plan Properties,0,,استوديو,Studio,1-102-2024-25654,مبايعات,Sales,1,2026-08-21T18:27:40.000Z,2024-04-25
860871.0,441,البرشاء جنوب الرابعة,Al Barsha South Fourth,باركوود ريزيدنسز,PARKWOOD RESIDENCES,1,2024-11-27,قرية جميرا الدائرية,Jumeirah Village Circle,,11627.11,أكاديمية المدينة الرياضية للسباحة,Sports City Swimming Academy,مارينا مول,Marina Mall,محطة مترو النخيل,Nakheel Metro Station,1.0,2.0,0.0,74.04,102,بيع - تسجيل مبدئى,Sell - Pre registration,باركوود ريزيدنسز,PARKWOOD RESIDENCES,2764.0,شقه سكنيه,Flat,60.0,وحدة,Unit,3,سكني,Residential,على الخارطة,Off-Plan Properties,0,,غرفة,1 B/R,1-102-2024-99803,مبايعات,Sales,1,2026-08-21T18:27:40.000Z,2024-11-27
9100000.0,482,حدائق الشيخ محمد بن راشد,Hadaeq Sheikh Mohammed Bin Rashid,,,0,2025-04-08,حدائق الشيخ محمد بن راشد - ديستركت 7,HADAEQ SHEIKH MOHAMMED BIN RASHID - DISRICT 7,,36669.89,,,,,,,1.0,1.0,0.0,248.16,102,بيع - تسجيل مبدئى,Sell - Pre registration,كيتوراه ريزيرف,Keturah Reserve,2924.0,فيلا,Villa,4.0,فيلا,Villa,4,سكني,Residential,على الخارطة,Off-Plan Properties,0,,أربع غرف,4 B/R,1-102-2025-28301,مبايعات,Sales,1,2026-08-21T18:27:40.000Z,2025-04-08
2350000.0,330,مرسى دبي,Marsa Dubai,شمس 2,Shams 2,1,2025-09-19,جميرا بيتش ريزيدنس  - الجيه بي آر,Jumeriah Beach Residence  - JBR,,19122.79,برج العرب,Burj Al Arab,مارينا مول,Marina Mall,مساكن شاطئ جميرا,Jumeirah Beach Residency,1.0,1.0,0.0,122.89,11,بيع,Sell,,,,شقه سكنيه,Flat,60.0,وحدة,Unit,3,سكني,Residential,العقارات القائمة,Existing Properties,1,,غرفتين,2 B/R,1-11-2025-38905,مبايعات,Sales,1,2026-08-21T18:27:40.000Z,2025-09-19
1450000.0,410,نخلة جميرا,Palm Jumeirah,فندق و شقق سفن  النخلة - اي,SEVEN HOTEL & APARTMENTS THE PALM - A,1,2025-09-03,نخلة جميرا,Palm Jumeirah,,44099.76,برج العرب,Burj Al Arab,مارينا مول,Marina Mall,نخلة جميرا,Palm Jumeirah,1.0,1.0,0.0,32.88,11,بيع,Sell,فندق وشقق سفن - النخلة,Seven Hotel and Apartments The Palm,1962.0,شقه سكنيه,Flat,60.0,وحدة,Unit,3,سكني,Residential,العقارات القائمة,Existing Properties,1,,استوديو,Studio,1-11-2025-36970,مبايعات,Sales,1,2026-08-21T18:27:40.000Z,2025-09-03
3332000.0,330,مرسى دبي,Marsa Dubai,داماك باي - تاور اي,DAMAC BAY - TOWER A,1,2023-05-23,دبي هاربر,Dubai Harbour,,38870.74,,,,,,,1.0,1.0,0.0,85.72,102,بيع - تسجيل مبدئى,Sell - Pre registration,داماك باي,DAMAC BAY,2559.0,شقه سكنيه,Flat,60.0,وحدة,Unit,3,سكني,Residential,على الخارطة,Off-Plan Properties,0,,غرفة,1 B/R,1-102-2023-23894,مبايعات,Sales,1,2026-08-21T18:27:40.000Z,2023-05-23
2200000.0,526,الخليج التجارى,Business Bay,برج الحبتور,Al Habtoor Tower,1,2025-09-17,,,,22762.55,وسط مدينة دبي,Downtown Dubai,مول دبي,Dubai Mall,محطة مترو الخليج التجاري,Business Bay Metro Station,1.0,1.0,0.0,96.65,102,بيع - تسجيل مبدئى,Sell - Pre registration,برج الحبتور,Al Habtoor Tower,2656.0,شقه سكنيه,Flat,60.0,وحدة,Unit,3,سكني,Residential,على الخارطة,Off-Plan Properties,0,,غرفة,1 B/R,1-102-2025-89761,مبايعات,Sales,1,2026-08-21T18:27:40.000Z,2025-09-17
1880470.0,441,البرشاء جنوب الرابعة,Al Barsha South Fourth,لوما بارك فيوز,LUMA PARK VIEWS,1,2024-11-29,قرية جميرا الدائرية,Jumeirah Village Circle,,15052.19,أكاديمية المدينة الرياضية للسباحة,Sports City Swimming Academy,مارينا مول,Marina Mall,محطة مترو النخيل,Nakheel Metro Station,1.0,1.0,0.0,124.93,102,بيع - تسجيل مبدئى,Sell - Pre registration,لوما بارك فيوز,Luma Park Views,2676.0,شقه سكنيه,Flat,60.0,وحدة,Unit,3,سكني,Residential,على الخارطة,Off-Plan Properties,0,,ثلاث غرف,3 B/R,1-102-2024-100819,مبايعات,Sales,1,2026-08-21T18:27:40.000Z,2024-11-29
700000.0,330,مرسى دبي,Marsa Dubai,مارينا دايموند - 3,MARINA DIAMOND-3,1,2024-09-19,دبي مارينا,Dubai Marina,,17561.47,برج العرب,Burj Al Arab,مارينا مول,Marina Mall,مرسى دبي,Dubai Marina,1.0,1.0,0.0,39.86,11,بيع,Sell,,,,شقه سكنيه,Flat,60.0,وحدة,Unit,3,سكني,Residential,العقارات القائمة,Existing Properties,1,,استوديو,Studio,1-11-2024-35069,مبايعات,Sales,1,2026-08-21T18:27:40.000Z,2024-09-19
1173752.0,441,البرشاء جنوب الرابعة,Al Barsha South Fourth,جوار من بدر,JEEWAR by Badr,1,2025-09-24,قرية جميرا الدائرية,Jumeirah Village Circle,,16065.59,أكاديمية المدينة الرياضية للسباحة,Sports City Swimming Academy,مول الإمارات,Mall of the Emirates,مدينة دبي للإنترنت,Dubai Internet City,2.0,1.0,0.0,73.06,460,بيع مقيد بسنوات الدفع,Sale On Payment Plan,,,,شقه سكنيه,Flat,60.0,وحدة,Unit,3,سكني,Residential,العقارات القائمة,Existing Properties,1,,غرفة,1 B/R,1-460-2025-465,مبايعات,Sales,1,2026-08-21T18:27:40.000Z,2025-09-24
4989999.0,390,برج خليفة,Burj Khalifa,بن غاطي سكاي بليد,Binghatti Skyblade,1,2025-11-10,داون تاون دبي,DownTown Dubai,,43125.05,وسط مدينة دبي,Downtown Dubai,مول دبي,Dubai Mall,محطة مترو الخليج التجاري,Business Bay Metro Station,1.0,1.0,0.0,115.71,102,بيع - تسجيل مبدئى,Sell - Pre registration,بن غاطي سكاي بليد,Binghatti Skyblade,3725.0,شقه سكنيه,Flat,60.0,وحدة,Unit,3,سكني,Residential,على الخارطة,Off-Plan Properties,0,,غرفتين,2 B/R,1-102-2025-113697,مبايعات,Sales,1,2026-08-21T18:27:40.000Z,2025-11-10
1750000.0,442,البرشاء جنوب الخامسة,Al Barsha South Fifth,سكن 02 من تصميم ند الغرير,02 Residence by Ned Al Ghurair,1,2025-07-01,قرية جميرا المثلثة,Jumeirah Village Triangle,,15548.65,أكاديمية المدينة الرياضية للسباحة,Sports City Swimming Academy,ابن بطوطة مول,Ibn-e-Battuta Mall,برج هاربور,Harbour Tower,1.0,1.0,0.0,112.55,11,بيع,Sell,,,,شقه سكنيه,Flat,60.0,وحدة,Unit,3,سكني,Residential,العقارات القائمة,Existing Properties,1,,غرفتين,2 B/R,1-11-2025-27035,مبايعات,Sales,1,2026-08-21T18:27:40.000Z,2025-07-01
3180888.0,482,حدائق الشيخ محمد بن راشد,Hadaeq Sheikh Mohammed Bin Rashid,فيدا رزيدنسز دبي هيلز استيت,Vida Residences Dubai Hills Estate,1,2024-05-13,دبي هيلز استيت,Dubai Hills Estate,,27062.17,,,,,,,1.0,1.0,0.0,117.54,102,بيع - تسجيل مبدئى,Sell - Pre registration,فيدا رزيدنسزدبي هيلز استيت,Vida Residences Dubai Hills Estate,2795.0,شقه سكنيه,Flat,60.0,وحدة,Unit,3,سكني,Residential,على الخارطة,Off-Plan Properties,0,,غرفتين,2 B/R,1-102-2024-31510,مبايعات,Sales,1,2026-08-21T18:27:40.000Z,2024-05-13
4800000.0,330,مرسى دبي,Marsa Dubai,فلل دبي مارينا كيز1,Dubai Marina Quays Villas1,1,2024-11-20,دبي مارينا,Dubai Marina,,19803.61,برج العرب,Burj Al Arab,مارينا مول,Marina Mall,مساكن شاطئ الجميرا,Jumeirah Beach Resdency,1.0,1.0,0.0,242.38,11,بيع,Sell,أرصفة مارينا,MARINA QUAYS,1456.0,شقه سكنيه,Flat,60.0,وحدة,Unit,3,سكني,Residential,العقارات القائمة,Existing Properties,1,,ثلاث غرف,3 B/R,1-11-2024-44846,مبايعات,Sales,1,2026-08-21T18:27:40.000Z,2024-11-20
3200000.0,410,نخلة جميرا,Palm Jumeirah,مارينا ابارتمنتس 3,Marina Apartments 3,1,2023-02-06,نخلة جميرا,Palm Jumeirah,,14123.67,برج العرب,Burj Al Arab,مارينا مول,Marina Mall,نخلة جميرا,Palm Jumeirah,1.0,2.0,0.0,226.57,11,بيع,Sell,مارينا ريزيدنس,MARINA RESIDENCE,1297.0,شقه سكنيه,Flat,60.0,وحدة,Unit,3,سكني,Residential,العقارات القائمة,Existing Properties,1,,ثلاث غرف,3 B/R,1-11-2023-3280,مبايعات,Sales,1,2026-08-21T18:27:40.000Z,2023-02-06
8000000.0,330,مرسى دبي,Marsa Dubai,بلو واترز ريزيدنسز 9,Bluewaters Residences 9,1,2025-03-04,جزيرة بلووترز,Bluewaters Island,,40778.88,برج العرب,Burj Al Arab,مارينا مول,Marina Mall,مساكن شاطئ جميرا,Jumeirah Beach Residency,1.0,1.0,0.0,196.18,11,بيع,Sell,بلو واترز ريزيدنسز,Bluewaters Residences,1795.0,شقه سكنيه,Flat,60.0,وحدة,Unit,3,سكني,Residential,العقارات القائمة,Existing Properties,1,,ثلاث غرف,3 B/R,1-11-2025-9055,مبايعات,Sales,1,2026-08-21T18:27:40.000Z,2025-03-04
2450000.0,390,برج خليفة,Burj Khalifa,برج خليفة,Burj Khalifa,1,2026-07-13,داون تاون دبي,DownTown Dubai,,23909.44,برج خليفة,Burj Khalifa,مول دبي,Dubai Mall,محطة مترو بوج خليفة دبي مول,Buj Khalifa Dubai Mall Metro Station,3.0,2.0,0.0,102.47,11,بيع,Sell,أبراج برج خليفة,BURJ KHALIFA TOWERS,1462.0,شقه سكنيه,Flat,60.0,وحدة,Unit,3,سكني,Residential,العقارات القائمة,Existing Properties,1,,غرفة,1 B/R,1-11-2026-21485,مبايعات,Sales,1,2026-08-21T18:27:40.000Z,2026-07-13
633000.0,441,البرشاء جنوب الرابعة,Al Barsha South Fourth,إليتز من دانوب - 1,Elitz By Danube - 1,1,2023-03-27,قرية جميرا الدائرية,Jumeirah Village Circle,,15484.34,أكاديمية المدينة الرياضية للسباحة,Sports City Swimming Academy,مول الإمارات,Mall of the Emirates,مدينة دبي للإنترنت,Dubai Internet City,1.0,1.0,0.0,40.88,102,بيع - تسجيل مبدئى,Sell - Pre registration,إليتز من دانوب,Elitz By Danube,2533.0,شقه سكنيه,Flat,60.0,وحدة,Unit,3,سكني,Residential,على الخارطة,Off-Plan Properties,0,,استوديو,Studio,1-102-2023-14746,مبايعات,Sales,1,2026-08-21T18:27:40.000Z,2023-03-27
2245550.0,526,الخليج التجارى,Business Bay,كانال هايتس 2,Canal Heights 2,1,2024-03-11,الخليج التجاري,Business Bay,,29342.09,وسط مدينة دبي,Downtown Dubai,مول دبي,Dubai Mall,محطة مترو الخليج التجاري,Business Bay Metro Station,1.0,2.0,0.0,76.53,102,بيع - تسجيل مبدئى,Sell - Pre registration,قنال هايتس 2,CANAL HEIGHTS 2,2615.0,شقه سكنيه,Flat,60.0,وحدة,Unit,3,سكني,Residential,على الخارطة,Off-Plan Properties,0,,غرفة,1 B/R,1-102-2024-14985,مبايعات,Sales,1,2026-08-21T18:27:40.000Z,2024-03-11
3450000.0,390,برج خليفة,Burj Khalifa,ذا سانت ريجيز ريزيدنسز - تاور 1,The St. Regis Residences - Tower 1,1,2025-05-30,داون تاون دبي,DownTown Dubai,,29269.53,برج خليفة,Burj Khalifa,مول دبي,Dubai Mall,محطة مترو بوج خليفة دبي مول,Buj Khalifa Dubai Mall Metro Station,1.0,2.0,0.0,117.87,102,بيع - تسجيل مبدئى,Sell - Pre registration,ذا سانت ريجيز ريزيدنسز، داون تاون دبي,"The St. Regis Residences, Downtown Dubai",1816.0,شقه سكنيه,Flat,60.0,وحدة,Unit,3,سكني,Residential,على الخارطة,Off-Plan Properties,0,,غرفتين,2 B/R,1-102-2025-46466,مبايعات,Sales,1,2026-08-21T18:27:40.000Z,2025-05-30
1195213.0,442,البرشاء جنوب الخامسة,Al Barsha South Fifth,أس أن لا?ف ر?ز?دنس,ESSENLIFE RESIDENCE,1,2025-07-03,قرية جميرا المثلثة,Jumeirah Village Triangle,,16125.38,أكاديمية المدينة الرياضية للسباحة,Sports City Swimming Academy,مارينا مول,Marina Mall,عقارات داماك,Damac Properties,1.0,1.0,0.0,74.12,102,بيع - تسجيل مبدئى,Sell - Pre registration,أس ان لايف ريزيدنس,ESSENLIFE RESIDENCE,3639.0,شقه سكنيه,Flat,60.0,وحدة,Unit,3,سكني,Residential,على الخارطة,Off-Plan Properties,0,,غرفة,1 B/R,1-102-2025-57811,مبايعات,Sales,1,2026-08-21T18:27:40.000Z,2025-07-03
4900000.0,330,مرسى دبي,Marsa Dubai,فيدا ريزيدنسز دبي مارينا,VIDA Residences Dubai Marina,1,2024-02-26,دبي مارينا,Dubai Marina,,48209.37,برج العرب,Burj Al Arab,مارينا مول,Marina Mall,أبراج بحيرات جميرا,Jumeirah Lakes Towers,1.0,2.0,0.0,101.64,11,بيع,Sell,فيدا ريزيدنسز دبي مارينا,VIDA Residences Dubai Marina,1831.0,شقه سكنيه,Flat,60.0,وحدة,Unit,3,سكني,Residential,العقارات القائمة,Existing Properties,1,,غرفتين,2 B/R,1-11-2024-6820,مبايعات,Sales,1,2026-08-21T18:27:40.000Z,2024-02-26
1214000.0,441,البرشاء جنوب الرابعة,Al Barsha South Fourth,هيلفيتيا ريزيدنس,HELVETIA RESIDENCES,1,2024-12-23,قرية جميرا الدائرية,Jumeirah Village Circle,,14681.34,أكاديمية المدينة الرياضية للسباحة,Sports City Swimming Academy,مارينا مول,Marina Mall,محطة مترو النخيل,Nakheel Metro Station,1.0,1.0,0.0,82.69,102,بيع - تسجيل مبدئى,Sell - Pre registration,هلفيتيا ريزيدنس,HELVETIA RESIDENCES,2890.0,شقه سكنيه,Flat,60.0,وحدة,Unit,3,سكني,Residential,على الخارطة,Off-Plan Properties,0,,غرفة,1 B/R,1-102-2024-107192,مبايعات,Sales,1,2026-08-21T18:27:40.000Z,2024-12-23
1300000.0,390,برج خليفة,Burj Khalifa,وان ريزيدنس,One Residence,1,2025-05-14,داون تاون دبي,DownTown Dubai,,29761.9,وسط مدينة دبي,Downtown Dubai,مول دبي,Dubai Mall,محطة مترو بوج خليفة دبي مول,Buj Khalifa Dubai Mall Metro Station,1.0,2.0,0.0,43.68,102,بيع - تسجيل مبدئى,Sell - Pre registration,وان ريزيدنس,One Residence,3150.0,شقه سكنيه,Flat,60.0,وحدة,Unit,3,سكني,Residential,على الخارطة,Off-Plan Properties,0,,استوديو,Studio,1-102-2025-40759,مبايعات,Sales,1,2026-08-21T18:27:40.000Z,2025-05-14
645000.0,441,البرشاء جنوب الرابعة,Al Barsha South Fourth,إليتز من دانوب - 1,Elitz By Danube - 1,1,2023-04-27,قرية جميرا الدائرية,Jumeirah Village Circle,,15777.89,أكاديمية المدينة الرياضية للسباحة,Sports City Swimming Academy,مول الإمارات,Mall of the Emirates,مدينة دبي للإنترنت,Dubai Internet City,1.0,1.0,0.0,40.88,102,بيع - تسجيل مبدئى,Sell - Pre registration,إليتز من دانوب,Elitz By Danube,2533.0,شقه سكنيه,Flat,60.0,وحدة,Unit,3,سكني,Residential,على الخارطة,Off-Plan Properties,0,,استوديو,Studio,1-102-2023-16185,مبايعات,Sales,1,2026-08-21T18:27:40.000Z,2023-04-27
1826000.0,441,البرشاء جنوب الرابعة,Al Barsha South Fourth,إليتز 3 من دانوب - 1,Elitz 3 By Danube - 1,1,2024-01-17,قرية جميرا الدائرية,Jumeirah Village Circle,,17833.77,أكاديمية المدينة الرياضية للسباحة,Sports City Swimming Academy,مارينا مول,Marina Mall,محطة مترو النخيل,Nakheel Metro Station,1.0,1.0,0.0,102.39,102,بيع - تسجيل مبدئى,Sell - Pre registration,إليتز3 من دانوب,Elitz 3 By Danube,2722.0,شقه سكنيه,Flat,60.0,وحدة,Unit,3,سكني,Residential,على الخارطة,Off-Plan Properties,0,,غرفتين,2 B/R,1-102-2024-2663,مبايعات,Sales,1,2026-08-21T18:27:40.000Z,2024-01-17
2856590.0,482,حدائق الشيخ محمد بن راشد,Hadaeq Sheikh Mohammed Bin Rashid,فيدا ريزيدنسز هيلسايد برج ب,Vida Residences Hillside Tower B,1,2025-07-07,دبي هيلز استيت,Dubai Hills Estate,,28617.41,,,,,,,1.0,2.0,0.0,99.82,102,بيع - تسجيل مبدئى,Sell - Pre registration,فيدا ريزيدنسزهيلسايد,Vida Residences Hillside,3534.0,شقه سكنيه,Flat,60.0,وحدة,Unit,3,سكني,Residential,على الخارطة,Off-Plan Properties,0,,غرفتين,2 B/R,1-102-2025-58633,مبايعات,Sales,1,2026-08-21T18:27:40.000Z,2025-07-07
1650000.0,330,مرسى دبي,Marsa Dubai,مارينا فيو تاور ايه,MARINA VIEW TOWER A,1,2025-06-20,دبي مارينا,Dubai Marina,,18462.57,برج العرب,Burj Al Arab,مارينا مول,Marina Mall,محطة مترو مارينا مول,Marina Mall Metro Station,1.0,1.0,0.0,89.37,11,بيع,Sell,,,,شقه سكنيه,Flat,60.0,وحدة,Unit,3,سكني,Residential,العقارات القائمة,Existing Properties,1,,غرفتين,2 B/R,1-11-2025-25916,مبايعات,Sales,1,2026-08-21T18:27:40.000Z,2025-06-20
673000.0,441,البرشاء جنوب الرابعة,Al Barsha South Fourth,بن غاطي امرلد,Binghatti Emerald,1,2023-05-22,قرية جميرا الدائرية,Jumeirah Village Circle,,10918.23,أكاديمية المدينة الرياضية للسباحة,Sports City Swimming Academy,مارينا مول,Marina Mall,مدينة دبي للإنترنت,Dubai Internet City,1.0,1.0,0.0,61.64,102,بيع - تسجيل مبدئى,Sell - Pre registration,بن غاطي إيميرالد,Binghatti Emerald,2571.0,شقه سكنيه,Flat,60.0,وحدة,Unit,3,سكني,Residential,على الخارطة,Off-Plan Properties,0,,غرفة,1 B/R,1-102-2023-23563,مبايعات,Sales,1,2026-08-21T18:27:40.000Z,2023-05-22
1095000.0,442,البرشاء جنوب الخامسة,Al Barsha South Fifth,كلاود بS,CLOUD B,1,2026-01-13,قرية جميرا المثلثة,Jumeirah Village Triangle,,15920.33,أكاديمية المدينة الرياضية للسباحة,Sports City Swimming Academy,مارينا مول,Marina Mall,عقارات داماك,Damac Properties,2.0,1.0,0.0,68.78,41,بيع مبدئى,Delayed Sell,كلاود تاور,CLOUD Tower,2212.0,شقه سكنيه,Flat,60.0,وحدة,Unit,3,سكني,Residential,العقارات القائمة,Existing Properties,1,,غرفة,1 B/R,1-41-2026-498,مبايعات,Sales,1,2026-08-21T18:27:40.000Z,2026-01-13
2565000.0,330,مرسى دبي,Marsa Dubai,الصدف 6,Sadaf 6,1,2026-04-29,جميرا بيتش ريزيدنس  - الجيه بي آر,Jumeriah Beach Residence  - JBR,,14793.24,برج العرب,Burj Al Arab,مارينا مول,Marina Mall,مساكن شاطئ الجميرا,Jumeirah Beach Resdency,1.0,1.0,0.0,173.39,11,بيع,Sell,,,,شقه سكنيه,Flat,60.0,وحدة,Unit,3,سكني,Residential,العقارات القائمة,Existing Properties,1,,ثلاث غرف,3 B/R,1-11-2026-14865,مبايعات,Sales,1,2026-08-21T18:27:40.000Z,2026-04-29
1560000.0,390,برج خليفة,Burj Khalifa,برج فيوز بوديوم,Burj Views Podium,1,2024-12-13,داون تاون دبي,DownTown Dubai,,18292.68,وسط مدينة دبي,Downtown Dubai,مول دبي,Dubai Mall,محطة مترو بوج خليفة دبي مول,Buj Khalifa Dubai Mall Metro Station,1.0,1.0,0.0,85.28,11,بيع,Sell,إطلالات برج,BURJ VIEWS,1451.0,شقه سكنيه,Flat,60.0,وحدة,Unit,3,سكني,Residential,العقارات القائمة,Existing Properties,1,,غرفة,1 B/R,1-11-2024-48351,مبايعات,Sales,1,2026-08-21T18:27:40.000Z,2024-12-13
21617625.0,330,مرسى دبي,Marsa Dubai,شوبا سيهيفين - البرج أ,SOBHA SEAHAVEN - TOWER A,1,2024-10-15,دبي هاربر,Dubai Harbour,,62516.63,,,,,,,1.0,1.0,0.0,345.79,102,بيع - تسجيل مبدئى,Sell - Pre registration,شوبا سيهافين البرج أ,Sobha Seahaven Tower A,2550.0,شقه سكنيه,Flat,60.0,وحدة,Unit,3,سكني,Residential,على الخارطة,Off-Plan Properties,0,,ثلاث غرف,3 B/R,1-102-2024-85748,مبايعات,Sales,1,2026-08-21T18:27:40.000Z,2024-10-15
1206106.0,442,البرشاء جنوب الخامسة,Al Barsha South Fifth,لومينار تاور ثري,Luminar Tower 3,1,2025-07-23,قرية جميرا المثلثة,Jumeirah Village Triangle,,15119.79,أكاديمية المدينة الرياضية للسباحة,Sports City Swimming Academy,مارينا مول,Marina Mall,أبراج بحيرات جميرا,Jumeirah Lakes Towers,1.0,1.0,0.0,79.77,102,بيع - تسجيل مبدئى,Sell - Pre registration,لومينار تاور ثري,Luminar Tower 3,3443.0,شقه سكنيه,Flat,60.0,وحدة,Unit,3,سكني,Residential,على الخارطة,Off-Plan Properties,0,,غرفة,1 B/R,1-102-2025-66112,مبايعات,Sales,1,2026-08-21T18:27:40.000Z,2025-07-23
2250000.0,526,الخليج التجارى,Business Bay,(داماك تاورز باي باراماونت (دي,DAMAC TOWERS BY PARAMOUNT (D),1,2025-10-10,الخليج التجاري,Business Bay,,15966.51,وسط مدينة دبي,Downtown Dubai,مول دبي,Dubai Mall,محطة مترو بوج خليفة دبي مول,Buj Khalifa Dubai Mall Metro Station,2.0,2.0,2.0,140.92,110,تسجيل إيجارة تنتهى بالتملك,Lease to Own Registration,داماك تاورز من باراماونت,DAMAC TOWERS BY PARAMOUNT,443.0,شقه سكنيه,Flat,60.0,وحدة,Unit,3,سكني,Residential,العقارات القائمة,Existing Properties,1,,غرفتين,2 B/R,1-110-2025-719,مبايعات,Sales,1,2026-08-21T18:27:40.000Z,2025-10-10
1199999.0,441,البرشاء جنوب الرابعة,Al Barsha South Fourth,جولدن دريم تاور 1,GOLDEN DREAM TOWER 1,1,2024-09-27,قرية جميرا الدائرية,Jumeirah Village Circle,,11254.91,أكاديمية المدينة الرياضية للسباحة,Sports City Swimming Academy,مارينا مول,Marina Mall,محطة مترو النخيل,Nakheel Metro Station,1.0,1.0,0.0,106.62,11,بيع,Sell,,,,شقه سكنيه,Flat,60.0,وحدة,Unit,3,سكني,Residential,العقارات القائمة,Existing Properties,1,,غرفتين,2 B/R,1-11-2024-36507,مبايعات,Sales,1,2026-08-21T18:27:40.000Z,2024-09-27
950000.0,441,البرشاء جنوب الرابعة,Al Barsha South Fourth,بن غاطي ميراج,Binghatti Mirage,1,2024-10-01,قرية جميرا الدائرية,Jumeirah Village Circle,,11626.48,أكاديمية المدينة الرياضية للسباحة,Sports City Swimming Academy,مول الإمارات,Mall of the Emirates,مدينة دبي للإنترنت,Dubai Internet City,1.0,1.0,0.0,81.71,11,بيع,Sell,بن غاطي ميراج,Binghatti Mirage,2233.0,شقه سكنيه,Flat,60.0,وحدة,Unit,3,سكني,Residential,العقارات القائمة,Existing Properties,1,,غرفتين,2 B/R,1-11-2024-36998,مبايعات,Sales,1,2026-08-21T18:27:40.000Z,2024-10-01
835000.0,441,البرشاء جنوب الرابعة,Al Barsha South Fourth,شيماء أفينيو,CHAIMAA AVENUE,1,2023-07-12,قرية جميرا الدائرية,Jumeirah Village Circle,,11449.33,أكاديمية المدينة الرياضية للسباحة,Sports City Swimming Academy,مارينا مول,Marina Mall,مدينة دبي للإنترنت,Dubai Internet City,1.0,1.0,0.0,72.93,11,بيع,Sell,شيماء افنيو,Chaimaa Avenue,2183.0,شقه سكنيه,Flat,60.0,وحدة,Unit,3,سكني,Residential,العقارات القائمة,Existing Properties,1,,غرفة,1 B/R,1-11-2023-21905,مبايعات,Sales,1,2026-08-21T18:27:40.000Z,2023-07-12
2646888.0,482,حدائق الشيخ محمد بن راشد,Hadaeq Sheikh Mohammed Bin Rashid,جولف جراند,Golf Grand,1,2023-06-14,دبي هيلز استيت,Dubai Hills Estate,,17107.6,آي إم جي وورلد أدفينتشرز,IMG World Adventures,مول الإمارات,Mall of the Emirates,محطة مترو نور بنك,Noor Bank Metro Station,1.0,1.0,0.0,154.72,102,بيع - تسجيل مبدئى,Sell - Pre registration,جولف جراند,Golf Grand,2599.0,شقه سكنيه,Flat,60.0,وحدة,Unit,3,سكني,Residential,على الخارطة,Off-Plan Properties,0,,غرفتين,2 B/R,1-102-2023-28476,مبايعات,Sales,1,2026-08-21T18:27:40.000Z,2023-06-14
8000000.0,330,مرسى دبي,Marsa Dubai,بلو واترز ريزيدنسز 6,Bluewaters Residences 6,1,2023-11-10,جزيرة بلووترز,Bluewaters Island,,51894.14,برج العرب,Burj Al Arab,مارينا مول,Marina Mall,مساكن شاطئ جميرا,Jumeirah Beach Residency,1.0,1.0,0.0,154.16,11,بيع,Sell,بلو واترز ريزيدنسز,Bluewaters Residences,1795.0,شقه سكنيه,Flat,60.0,وحدة,Unit,3,سكني,Residential,العقارات القائمة,Existing Properties,1,,غرفتين,2 B/R,1-11-2023-36639,مبايعات,Sales,1,2026-08-21T18:27:40.000Z,2023-11-10
4268800.0,410,نخلة جميرا,Palm Jumeirah,بالم بيتش تاورز - 3,PALM BEACH TOWERS- 3,1,2025-07-14,نخلة جميرا,Palm Jumeirah,,39322.03,برج العرب,Burj Al Arab,مارينا مول,Marina Mall,نخلة جميرا,Palm Jumeirah,1.0,1.0,0.0,108.56,102,بيع - تسجيل مبدئى,Sell - Pre registration,بالم بيتش تاورز - 3,Palm Beach Towers -3,2449.0,شقه سكنيه,Flat,60.0,وحدة,Unit,3,سكني,Residential,على الخارطة,Off-Plan Properties,0,,غرفة,1 B/R,1-102-2025-61604,مبايعات,Sales,1,2026-08-21T18:27:40.000Z,2025-07-14
1757888.0,526,الخليج التجارى,Business Bay,أبسايد ليفينج,UPSIDE LIVING,1,2024-01-24,الخليج التجاري,Business Bay,,28780.09,وسط مدينة دبي,Downtown Dubai,مول دبي,Dubai Mall,محطة مترو بوج خليفة دبي مول,Buj Khalifa Dubai Mall Metro Station,1.0,1.0,0.0,61.08,11,بيع,Sell,آبسايد ليفينج,UPSIDE Living,2164.0,شقه سكنيه,Flat,60.0,وحدة,Unit,3,سكني,Residential,العقارات القائمة,Existing Properties,1,,غرفة,1 B/R,1-11-2024-2574,مبايعات,Sales,1,2026-08-21T18:27:40.000Z,2024-01-24
1700000.0,441,البرشاء جنوب الرابعة,Al Barsha South Fourth,بن غاطي رويال,Binghatti Royale,1,2024-12-31,قرية جميرا الدائرية,Jumeirah Village Circle,,11307.7,أكاديمية المدينة الرياضية للسباحة,Sports City Swimming Academy,مارينا مول,Marina Mall,محطة مترو النخيل,Nakheel Metro Station,1.0,1.0,0.0,150.34,102,بيع - تسجيل مبدئى,Sell - Pre registration,بن غاطي رويال,Binghatti Royale,2961.0,شقه سكنيه,Flat,60.0,وحدة,Unit,3,سكني,Residential,على الخارطة,Off-Plan Properties,0,,غرفتين,2 B/R,1-102-2024-110516,مبايعات,Sales,1,2026-08-21T18:27:40.000Z,2024-12-31
3850000.0,482,حدائق الشيخ محمد بن راشد,Hadaeq Sheikh Mohammed Bin Rashid,اكاسيا في بارك هايتس بناية ايه,ACACIA AT PARK HEIGHTS BUILDING A,1,2025-02-06,دبي هيلز استيت,Dubai Hills Estate,,30007.79,برج العرب,Burj Al Arab,مول الإمارات,Mall of the Emirates,محطة مترو بنك أبوظبي الأول,First Abu Dhabi Bank Metro Station,1.0,1.0,0.0,128.3,11,بيع,Sell,أكاسيا أت بارك هايتس,ACACIA AT PARK HEIGHTS,1633.0,شقه سكنيه,Flat,60.0,وحدة,Unit,3,سكني,Residential,العقارات القائمة,Existing Properties,1,,ثلاث غرف,3 B/R,1-11-2025-4952,مبايعات,Sales,1,2026-08-21T18:27:40.000Z,2025-02-06
